codmpio,amount_sum,amount_mean,donors_sum,donors_mean,yearly
5001,1428.77299125,357.1932478125,162,40.5,2011
5002,18.3,18.3,4,4,2011
5004,2.25,2.25,2,2,2011
5021,0,0,1,1,2011
5030,96.305327,13.757903857142857,39,5.571428571428571,2011
5031,63.0775,21.02583333333333,34,11.333333333333334,2011
5034,4.34,4.34,1,1,2011
5036,4,2,3,1.5,2011
5038,12,12,1,1,2011
5040,25.3714,12.6857,4,2,2011
5042,14.186647,7.0933235,14,7,2011
5044,5,5,1,1,2011
5045,414.2275,103.556875,56,14,2011
5051,34.12864,11.376213333333334,13,4.333333333333333,2011
5055,2,2,1,1,2011
5079,9.3,4.65,3,1.5,2011
5086,5.766255,5.766255,2,2,2011
5088,351.551821,175.7759105,46,23,2011
5091,19.3,19.3,4,4,2011
5093,27.5,13.75,7,3.5,2011
5101,7.15,3.575,6,3,2011
5107,2,2,1,1,2011
5120,23.59,11.795,4,2,2011
5125,4.634591,2.3172955,3,1.5,2011
5129,27.5,6.875,12,3,2011
5134,2.92,2.92,3,3,2011
5142,20.619,20.619,16,16,2011
5145,27.5,27.5,6,6,2011
5147,120.726,30.1815,29,7.25,2011
5148,21.3,7.1,14,4.666666666666667,2011
5150,12.6,6.3,46,23,2011
5154,44.214739,11.05368475,19,4.75,2011
5172,45.416,22.708,17,8.5,2011
5190,23.458129,7.819376333333333,16,5.333333333333333,2011
5206,2,2,1,1,2011
5209,16.66,8.33,7,3.5,2011
5212,30,7.5,12,3,2011
5234,8.7,8.7,4,4,2011
5237,17.139181,17.139181,36,36,2011
5240,3.84,3.84,9,9,2011
5250,74.356193,14.8712386,14,2.8,2011
5264,6.830481,6.830481,3,3,2011
5266,96.794904,48.397452,11,5.5,2011
5282,10,10,2,2,2011
5284,17.288154,8.644077,5,2.5,2011
5308,50.337,12.58425,19,4.75,2011
5310,18.75,6.25,9,3,2011
5313,4,4,2,2,2011
5315,4,2,2,1,2011
5318,38.34,9.585,17,4.25,2011
5321,13.1,13.1,11,11,2011
5347,31.06,10.353333333333333,11,3.6666666666666665,2011
5353,8.55,8.55,2,2,2011
5360,426.65055,142.21685,22,7.333333333333333,2011
5361,24.5,24.5,8,8,2011
5364,21.5,21.5,4,4,2011
5368,26.955,6.73875,10,2.5,2011
5376,5.11,2.555,13,6.5,2011
5380,81,27,14,4.666666666666667,2011
5390,24,12,3,1.5,2011
5400,33.549831,11.183277,29,9.666666666666666,2011
5440,4.5,4.5,4,4,2011
5467,5.8,2.9,3,1.5,2011
5475,52.8379,10.56758,26,5.2,2011
5480,57.98,19.326666666666668,13,4.333333333333333,2011
5490,72.76064,24.25354666666667,21,7,2011
5495,5,5,1,1,2011
5541,18,18,6,6,2011
5576,3,3,1,1,2011
5579,26.5,6.625,6,1.5,2011
5591,58.166769,29.0833845,25,12.5,2011
5604,39.5,19.75,11,5.5,2011
5607,27.185,9.061666666666666,7,2.3333333333333335,2011
5615,177.885192,29.647532000000002,53,8.833333333333334,2011
5628,7.1,3.55,7,3.5,2011
5631,250.4705,62.617625,71,17.75,2011
5642,15,7.5,4,2,2011
5647,13.2,6.6,4,2,2011
5649,15,5,5,1.6666666666666667,2011
5656,37.3,12.433333333333334,5,1.6666666666666667,2011
5658,3.6,3.6,2,2,2011
5659,59.492,19.83066666666667,18,6,2011
5660,48.220554,24.110277,19,9.5,2011
5664,32.5915,16.29575,2,1,2011
5665,34,34,7,7,2011
5667,5,5,1,1,2011
5674,5,5,1,1,2011
5679,54.0718,18.023933333333332,11,3.6666666666666665,2011
5686,33.5,33.5,11,11,2011
5690,1.32,0.66,2,1,2011
5697,14.252487,7.1262435,10,5,2011
5736,38,19,8,4,2011
5756,14.42,14.42,24,24,2011
5761,4.28437,2.142185,2,1,2011
5789,20.75,20.75,11,11,2011
5790,50.235,50.235,44,44,2011
5792,21.9,21.9,4,4,2011
5809,10.98,10.98,7,7,2011
5837,390.804775,130.26825833333334,43,14.333333333333334,2011
5842,5.8,5.8,2,2,2011
5847,9.5,4.75,4,2,2011
5854,10.5,10.5,7,7,2011
5856,36.9876,9.2469,9,2.25,2011
5858,15.778229,7.8891145,6,3,2011
5861,45.449624,11.362406,23,5.75,2011
5873,37.7,12.566666666666666,20,6.666666666666667,2011
5887,6.1,3.05,2,1,2011
5890,8.74595,4.372975,4,2,2011
5893,70.8039,17.700975,8,2,2011
5895,12.960735,12.960735,2,2,2011
8001,1404.104354,468.03478466666667,107,35.666666666666664,2011
8078,25,12.5,2,1,2011
8137,31.07025,10.35675,6,2,2011
8141,8,8,2,2,2011
8296,58.310648,58.310648,9,9,2011
8372,56.85,56.85,10,10,2011
8421,8.34,8.34,4,4,2011
8433,73.46,36.73,3,1.5,2011
8520,10,10,3,3,2011
8549,15,7.5,3,1.5,2011
8558,20,20,4,4,2011
8560,2.8,1.4,2,1,2011
8573,81.909559,40.9547795,8,4,2011
8606,2,2,4,4,2011
8638,112.211742,18.701957,13,2.1666666666666665,2011
8675,1,1,8,8,2011
8685,6.995,3.4975,3,1.5,2011
8758,620.51,206.83666666666664,37,12.333333333333334,2011
8832,14.38,7.19,4,2,2011
8849,1.2,1.2,1,1,2011
11001,4127.34755332,458.5941725911111,278,30.88888888888889,2011
13001,1646.972282,329.39445639999997,112,22.4,2011
13006,42,21,8,4,2011
13052,64.573,21.52433333333333,26,8.666666666666666,2011
13074,62.8,31.4,19,9.5,2011
13160,16.95,8.475,4,2,2011
13188,12.6,12.6,4,4,2011
13212,17,8.5,5,2.5,2011
13222,14,14,3,3,2011
13244,37.5,18.75,7,3.5,2011
13248,11.5,11.5,3,3,2011
13300,4,4,1,1,2011
13430,43.94,10.985,12,3,2011
13440,15,15,3,3,2011
13442,6.5,6.5,4,4,2011
13468,0.3,0.3,1,1,2011
13473,57,57,2,2,2011
13490,5,5,1,1,2011
13549,10.2,5.1,3,1.5,2011
13580,29.26,29.26,6,6,2011
13600,32.44,10.813333333333334,9,3,2011
13647,25,25,2,2,2011
13650,10,10,2,2,2011
13655,16.6,16.6,17,17,2011
13667,4.5,2.25,2,1,2011
13670,35.5,11.833333333333334,12,4,2011
13673,20.755,10.3775,5,2.5,2011
13688,24.5,12.25,4,2,2011
13744,51.6,17.2,19,6.333333333333333,2011
13780,49.8345,12.458625,21,5.25,2011
13838,54.8,27.4,18,9,2011
13873,18.845,9.4225,5,2.5,2011
13894,20.22,10.11,5,2.5,2011
15001,113.31,113.31,31,31,2011
15051,0,0,1,1,2011
15087,3.7315,3.7315,1,1,2011
15104,5.3,5.3,3,3,2011
15106,3.46143,3.46143,3,3,2011
15109,3,3,1,1,2011
15114,5.85,2.925,2,1,2011
15135,3,3,2,2,2011
15162,35,35,3,3,2011
15172,12.865,12.865,14,14,2011
15176,9.2,4.6,2,1,2011
15204,26,26,6,6,2011
15215,5.3,5.3,4,4,2011
15224,0,0,1,1,2011
15236,2.7,2.7,1,1,2011
15238,0.4126,0.2063,3,1.5,2011
15293,0.5,0.5,1,1,2011
15299,2.3,1.15,3,1.5,2011
15367,4,4,1,1,2011
15401,35,17.5,21,10.5,2011
15403,4,4,2,2,2011
15407,29.5,29.5,5,5,2011
15425,8.7195,8.7195,7,7,2011
15464,1.5,1.5,1,1,2011
15466,2,2,1,1,2011
15469,3.5,3.5,1,1,2011
15480,7.5,7.5,2,2,2011
15491,5.15445,5.15445,10,10,2011
15494,5.7,2.85,2,1,2011
15500,37.3,18.65,4,2,2011
15531,5,5,1,1,2011
15537,11.838,5.919,7,3.5,2011
15572,96.65,24.1625,48,12,2011
15580,14,14,5,5,2011
15599,1,1,1,1,2011
15600,6,6,3,3,2011
15646,23,23,4,4,2011
15664,0,0,1,1,2011
15673,0,0,1,1,2011
15686,2.915,2.915,1,1,2011
15693,5,5,1,1,2011
15720,3.5,3.5,2,2,2011
15723,5.8,5.8,1,1,2011
15759,89.86,89.86,6,6,2011
15761,5.8,5.8,1,1,2011
15764,2.66973,2.66973,1,1,2011
15774,1.8,1.8,2,2,2011
15776,7.14,7.14,3,3,2011
15798,0.9,0.9,9,9,2011
15806,25.56,25.56,14,14,2011
15814,2,2,1,1,2011
15835,0,0,1,1,2011
15837,3,3,1,1,2011
15861,8.2,4.1,4,2,2011
17001,333.21,83.3025,86,21.5,2011
17013,0,0,1,1,2011
17050,46.2,15.4,8,2.6666666666666665,2011
17174,20.5,10.25,7,3.5,2011
17272,9,4.5,2,1,2011
17380,8.632714,8.632714,7,7,2011
17433,40.2,20.1,7,3.5,2011
17442,10,10,2,2,2011
17524,7,7,25,25,2011
17541,20,20,4,4,2011
17614,48.225365,9.645073,18,3.6,2011
17653,0.6475,0.6475,2,2,2011
17662,20,20,2,2,2011
17777,0.65,0.65,1,1,2011
17867,21.4,21.4,3,3,2011
17873,22.2,11.1,12,6,2011
17877,8,8,2,2,2011
18001,93.76,31.253333333333334,11,3.6666666666666665,2011
18029,29.1,14.55,7,3.5,2011
18094,24.189248,12.094624,10,5,2011
18150,47.690232,15.896744,10,3.3333333333333335,2011
18205,10.5,5.25,3,1.5,2011
18247,13.1,6.55,5,2.5,2011
18256,8.2301,8.2301,4,4,2011
18410,27,27,9,9,2011
18460,15,15,1,1,2011
18479,5.85,2.925,5,2.5,2011
18592,21.8,10.9,6,3,2011
18610,0.45,0.45,2,2,2011
18753,39.497835,19.7489175,36,18,2011
18756,23.4,11.7,6,3,2011
18785,11,11,2,2,2011
19001,228.715041,45.743008200000006,42,8.4,2011
19050,19.44,9.72,16,8,2011
19075,36.31,18.155,11,5.5,2011
19100,15,15,2,2,2011
19110,1.5,1.5,1,1,2011
19130,21.4,10.7,5,2.5,2011
19142,22.36,11.18,13,6.5,2011
19290,0.85,0.85,1,1,2011
19300,37.5,12.5,11,3.6666666666666665,2011
19318,8.6,8.6,3,3,2011
19355,10.5,10.5,5,5,2011
19364,19.5,9.75,6,3,2011
19392,4,4,1,1,2011
19397,17,8.5,6,3,2011
19418,7,3.5,2,1,2011
19450,8.85,4.425,10,5,2011
19455,14.8,14.8,3,3,2011
19473,17.2,17.2,5,5,2011
19513,14.5,7.25,3,1.5,2011
19517,4,4,1,1,2011
19532,5,5,1,1,2011
19533,32.1,16.05,6,3,2011
19548,14,14,4,4,2011
19573,80.15,20.0375,25,6.25,2011
19585,14,14,4,4,2011
19622,10.05,10.05,3,3,2011
19693,26,13,7,3.5,2011
19698,47.661523,15.887174333333334,12,4,2011
19701,7.304,3.652,2,1,2011
19743,26.10369,13.051845,22,11,2011
19760,19.5,9.75,5,2.5,2011
19780,2,2,1,1,2011
19785,6.5,6.5,2,2,2011
19807,23.27,7.756666666666667,7,2.3333333333333335,2011
19809,56.5,28.25,10,5,2011
19821,12.65,6.325,12,6,2011
19824,51,12.75,9,2.25,2011
19845,26.41,13.205,7,3.5,2011
20001,467.5,116.875,24,6,2011
20011,86,43,4,2,2011
20013,87.17,43.585,11,5.5,2011
20045,9.5,4.75,2,1,2011
20060,28,28,3,3,2011
20175,8.2,4.1,3,1.5,2011
20178,12.2,6.1,3,1.5,2011
20228,29.065,9.688333333333334,9,3,2011
20238,25.33,25.33,6,6,2011
20310,0.5,0.5,1,1,2011
20400,6.5,6.5,1,1,2011
20443,26,26,3,3,2011
20517,10,10,1,1,2011
20614,2.5,2.5,1,1,2011
20621,10.88,10.88,3,3,2011
20770,30.8358,30.8358,2,2,2011
20787,41.75,20.875,10,5,2011
23001,407.65,135.88333333333335,27,9,2011
23068,45.6,22.8,5,2.5,2011
23090,12,6,3,1.5,2011
23162,51.82048,51.82048,4,4,2011
23168,19.8,19.8,5,5,2011
23300,19,9.5,3,1.5,2011
23350,15.6,15.6,3,3,2011
23417,53,53,3,3,2011
23419,38,38,6,6,2011
23466,15,15,2,2,2011
23500,4,4,1,1,2011
23555,30,30,1,1,2011
23570,13.35,13.35,3,3,2011
23580,55,27.5,6,3,2011
23660,111.6,27.9,13,3.25,2011
23675,5,5,1,1,2011
23678,33,16.5,8,4,2011
23686,32.3,16.15,18,9,2011
23855,60,20,16,5.333333333333333,2011
25001,2.6074,2.6074,1,1,2011
25019,8,8,2,2,2011
25035,6.5,3.25,3,1.5,2011
25040,1.23431,1.23431,1,1,2011
25053,13.55,3.3875,11,2.75,2011
25095,10,10,2,2,2011
25099,3,3,1,1,2011
25120,1.5,1.5,1,1,2011
25123,17.95,8.975,7,3.5,2011
25126,64.5,21.5,16,5.333333333333333,2011
25148,0.14,0.14,1,1,2011
25154,0.6,0.6,1,1,2011
25168,8,4,4,2,2011
25175,73.134,36.567,11,5.5,2011
25178,10.7,10.7,3,3,2011
25183,5,5,1,1,2011
25214,62.8,20.933333333333334,13,4.333333333333333,2011
25224,6.7,3.35,5,2.5,2011
25245,37.18251,12.39417,23,7.666666666666667,2011
25258,5.8,5.8,5,5,2011
25260,43.4505,21.72525,9,4.5,2011
25269,98.7664,32.922133333333335,16,5.333333333333333,2011
25279,31.21,31.21,4,4,2011
25286,88.926415,29.64213833333333,8,2.6666666666666665,2011
25288,2.8,2.8,1,1,2011
25290,86.9,43.45,5,2.5,2011
25293,47.5,23.75,11,5.5,2011
25295,19.9,19.9,16,16,2011
25307,121.36166,60.68083,20,10,2011
25317,2.55,2.55,1,1,2011
25322,0.61,0.61,1,1,2011
25324,9.3464,9.3464,3,3,2011
25328,10.434,10.434,7,7,2011
25335,13.966956,6.983478,2,1,2011
25368,12,12,4,4,2011
25372,2,2,1,1,2011
25377,12.06,12.06,2,2,2011
25386,51.84897,10.369794,7,1.4,2011
25402,26.7,26.7,6,6,2011
25407,7,3.5,2,1,2011
25426,2,2,1,1,2011
25430,94.26,47.13,27,13.5,2011
25436,2.039,2.039,2,2,2011
25438,8,8,3,3,2011
25473,10.83175,5.415875,2,1,2011
25486,12.5,12.5,2,2,2011
25489,2.6,2.6,1,1,2011
25491,0.912,0.912,1,1,2011
25518,6,6,2,2,2011
25530,14.2,7.1,7,3.5,2011
25572,7.5765,1.894125,20,5,2011
25580,19.4,19.4,4,4,2011
25596,8,8,2,2,2011
25645,35,35,9,9,2011
25649,0.5,0.5,1,1,2011
25658,15.5,7.75,8,4,2011
25662,7,7,2,2,2011
25736,4.45,1.4833333333333332,3,1,2011
25740,0,0,1,1,2011
25743,13.670167,4.556722333333333,5,1.6666666666666667,2011
25754,47.8,11.95,7,1.75,2011
25758,35.78819,7.157638,34,6.8,2011
25769,1,1,1,1,2011
25772,0.8,0.8,1,1,2011
25781,1.2,1.2,1,1,2011
25785,1.5,1.5,1,1,2011
25797,8,8,1,1,2011
25799,22.5,11.25,5,2.5,2011
25807,0.522,0.522,1,1,2011
25815,9.5,4.75,4,2,2011
25817,17.9,5.966666666666667,4,1.3333333333333333,2011
25823,4,4,2,2,2011
25839,18,18,5,5,2011
25843,30,30,2,2,2011
25845,14.137,7.0685,3,1.5,2011
25851,18.25,9.125,21,10.5,2011
25867,8.15,4.075,4,2,2011
25873,16.12,5.373333333333333,7,2.3333333333333335,2011
25875,34.5,11.5,10,3.3333333333333335,2011
25898,4.58432,4.58432,1,1,2011
25899,184.202,46.0505,18,4.5,2011
27001,80.3,40.15,5,2.5,2011
27006,17.99,8.995,4,2,2011
27050,41,41,5,5,2011
27073,47.5,23.75,13,6.5,2011
27075,41.157892,41.157892,5,5,2011
27077,20,20,5,5,2011
27099,40.376,40.376,8,8,2011
27135,50.5,25.25,7,3.5,2011
27150,33.4,16.7,6,3,2011
27205,19.5,9.75,7,3.5,2011
27245,32.47397,16.236985,14,7,2011
27250,27,27,10,10,2011
27361,7,7,2,2,2011
27372,60.3,20.1,12,4,2011
27413,32,32,5,5,2011
27425,28,14,13,6.5,2011
27495,53.5,26.75,25,12.5,2011
27580,8.9,4.45,2,1,2011
27600,63,31.5,7,3.5,2011
27660,14.5,14.5,4,4,2011
27745,53.982,53.982,6,6,2011
27787,17,17,5,5,2011
27810,12.7,6.35,2,1,2011
41001,103.624,34.541333333333334,34,11.333333333333334,2011
41006,12.5,12.5,2,2,2011
41013,5,5,1,1,2011
41016,16.05,5.35,6,2,2011
41020,21.4,5.35,7,1.75,2011
41026,5,5,2,2,2011
41078,25.7,8.566666666666666,9,3,2011
41132,19,19,4,4,2011
41206,16.5,16.5,8,8,2011
41244,3,3,1,1,2011
41298,33.57647,11.192156666666666,10,3.3333333333333335,2011
41306,25.9,6.475,9,2.25,2011
41319,18.17,18.17,9,9,2011
41349,6.9,3.45,5,2.5,2011
41359,38.88,19.44,9,4.5,2011
41396,26.534,13.267,8,4,2011
41483,29.5,14.75,5,2.5,2011
41503,15,15,7,7,2011
41524,33.5,33.5,7,7,2011
41530,0.15,0.15,1,1,2011
41548,39.07695,13.02565,12,4,2011
41551,145.868,48.62266666666667,32,10.666666666666666,2011
41615,5,5,1,1,2011
41660,13.8408,6.9204,13,6.5,2011
41668,24.12,12.06,9,4.5,2011
41676,2.9,2.9,3,3,2011
41770,17.31,5.77,10,3.3333333333333335,2011
41791,15,15,4,4,2011
41797,5,5,1,1,2011
41799,3,3,1,1,2011
41872,6,3,2,1,2011
44035,6.5,6.5,2,2,2011
44078,33.5932,11.197733333333334,6,2,2011
44090,11,5.5,3,1.5,2011
44098,2.28,2.28,4,4,2011
44110,14.1,14.1,5,5,2011
44279,53.5,26.75,16,8,2011
44430,494,164.66666666666666,38,12.666666666666666,2011
44560,56,28,18,9,2011
44650,51,25.5,5,2.5,2011
44847,278,139,26,13,2011
44855,24.2,12.1,16,8,2011
44874,50.18,12.545,11,2.75,2011
47001,957.647285,239.41182125,91,22.75,2011
47030,15,15,3,3,2011
47053,12.5,6.25,3,1.5,2011
47058,6.3,6.3,4,4,2011
47161,23.483,11.7415,4,2,2011
47170,11,11,4,4,2011
47189,152.5648,38.1412,23,5.75,2011
47245,18.3724,9.1862,5,2.5,2011
47288,62.732983,62.732983,5,5,2011
47318,15,15,3,3,2011
47460,10,10,1,1,2011
47545,0.8,0.8,1,1,2011
47551,5,5,1,1,2011
47555,55,27.5,6,3,2011
47570,35.85,11.95,15,5,2011
47605,5,5,2,2,2011
47660,5,5,4,4,2011
47675,10.2839,10.2839,3,3,2011
47692,19.85,19.85,1,1,2011
47703,10,10,1,1,2011
47707,25.8349,25.8349,18,18,2011
47798,15.5,7.75,4,2,2011
47960,4,4,2,2,2011
50001,987.86704,164.64450666666664,86,14.333333333333334,2011
50006,80.5,20.125,12,3,2011
50124,7.5,7.5,1,1,2011
50150,7.928,3.964,8,4,2011
50223,30.050839,15.0254195,29,14.5,2011
50226,31.7,15.85,8,4,2011
50245,1.5,1.5,1,1,2011
50251,40,20,9,4.5,2011
50270,15.9,15.9,8,8,2011
50287,17.2,17.2,4,4,2011
50313,47.6099,23.80495,16,8,2011
50318,38,38,5,5,2011
50330,21,21,5,5,2011
50350,20.8165,20.8165,5,5,2011
50370,15,7.5,4,2,2011
50400,8,8,2,2,2011
50450,22,22,5,5,2011
50568,80.95018,26.983393333333332,60,20,2011
50573,64.7,21.566666666666666,20,6.666666666666667,2011
50577,13.175,6.5875,27,13.5,2011
50590,12.9,12.9,3,3,2011
50606,12.5,12.5,3,3,2011
50680,23.2,11.6,6,3,2011
50683,32.7475,10.915833333333333,9,3,2011
50686,3.7,3.7,1,1,2011
50689,7.8,3.9,2,1,2011
50711,22.8,22.8,4,4,2011
52001,81,27,20,6.666666666666667,2011
52022,10,10,4,4,2011
52079,43.55,8.71,13,2.6,2011
52083,6,6,3,3,2011
52203,3,3,1,1,2011
52207,13,6.5,4,2,2011
52215,12,6,2,1,2011
52224,7,7,3,3,2011
52227,2,2,1,1,2011
52233,35,35,4,4,2011
52240,7,3.5,2,1,2011
52254,0.78,0.78,2,2,2011
52258,2,2,1,1,2011
52260,7,3.5,3,1.5,2011
52287,5,5,2,2,2011
52317,4.8,4.8,7,7,2011
52320,7.5,7.5,1,1,2011
52323,6,6,2,2,2011
52354,23.2,23.2,4,4,2011
52356,96.24,48.12,12,6,2011
52381,21,21,2,2,2011
52385,9.3,9.3,3,3,2011
52405,12,12,2,2,2011
52418,13.5,6.75,3,1.5,2011
52480,8,4,2,1,2011
52490,64,32,8,4,2011
52520,10,10,2,2,2011
52540,3,3,1,1,2011
52560,5,5,1,1,2011
52565,4,4,1,1,2011
52573,4,4,2,2,2011
52585,10,10,2,2,2011
52612,5.3,5.3,4,4,2011
52621,24.487329,12.2436645,9,4.5,2011
52685,5.8,5.8,1,1,2011
52696,43,43,1,1,2011
52720,9,9,2,2,2011
52786,5.8,5.8,1,1,2011
52788,10,10,2,2,2011
52835,67,33.5,9,4.5,2011
52838,15.7,15.7,4,4,2011
54001,859.646233,171.9292466,60,12,2011
54051,22,11,5,2.5,2011
54099,5,5,1,1,2011
54128,22.3,11.15,8,4,2011
54172,14.58,4.86,3,1,2011
54174,5,5,1,1,2011
54206,20,20,4,4,2011
54239,1,1,1,1,2011
54250,18.246,9.123,6,3,2011
54261,22.107,22.107,5,5,2011
54313,5,5,1,1,2011
54344,25.7,12.85,9,4.5,2011
54377,10,10,2,2,2011
54385,2,2,1,1,2011
54398,10,10,2,2,2011
54405,36.4,12.133333333333335,7,2.3333333333333335,2011
54498,158.400482,39.6001205,29,7.25,2011
54518,28.2999,14.14995,7,3.5,2011
54599,2,2,1,1,2011
54670,16.05,16.05,16,16,2011
54673,22,11,3,1.5,2011
54680,3.5,3.5,1,1,2011
54800,21.5,21.5,5,5,2011
54810,24.762218,24.762218,14,14,2011
54820,8,8,2,2,2011
54871,38,19,3,1.5,2011
54874,128.1,32.025,7,1.75,2011
63001,63,15.75,11,2.75,2011
63130,5.8,5.8,4,4,2011
63190,46.3,15.433333333333334,9,3,2011
63212,16.1,5.366666666666667,11,3.6666666666666665,2011
63302,3,3,1,1,2011
63401,5,5,1,1,2011
63470,10,10,1,1,2011
63548,8.527648,8.527648,5,5,2011
63594,7,7,2,2,2011
66001,429.83919,85.967838,72,14.4,2011
66045,7.528162,3.764081,2,1,2011
66075,8,4,6,3,2011
66088,6.67,6.67,10,10,2011
66170,437.65,109.4125,46,11.5,2011
66318,10.398128,2.599532,5,1.25,2011
66383,14.673184,7.336592,5,2.5,2011
66400,57.3,14.325,4,1,2011
66440,2.5,2.5,2,2,2011
66456,13.2,13.2,4,4,2011
66572,5.5,5.5,1,1,2011
66594,16.8,4.2,4,1,2011
66682,5.05,5.05,2,2,2011
66687,35.248568,11.749522666666666,37,12.333333333333334,2011
68001,695,231.66666666666666,38,12.666666666666666,2011
68077,30,30,3,3,2011
68081,406.717617,135.572539,38,12.666666666666666,2011
68092,10,10,6,6,2011
68121,9.712,9.712,5,5,2011
68147,8,8,2,2,2011
68167,1.85,1.85,5,5,2011
68169,1.7,1.7,1,1,2011
68176,1.4,1.4,1,1,2011
68179,9,9,2,2,2011
68190,22.0996,22.0996,10,10,2011
68211,4.582,2.291,5,2.5,2011
68229,11.99,3.9966666666666666,3,1,2011
68235,37.5382,18.7691,8,4,2011
68245,13.5,13.5,2,2,2011
68250,24.3,12.15,8,4,2011
68255,15.8,15.8,5,5,2011
68271,17,17,7,7,2011
68276,136.15,34.0375,12,3,2011
68298,45.045,45.045,4,4,2011
68307,208.6655,52.166375,18,4.5,2011
68322,2,2,2,2,2011
68324,22,22,4,4,2011
68327,20,20,3,3,2011
68370,0.825,0.825,1,1,2011
68377,5,5,1,1,2011
68385,17.21,17.21,5,5,2011
68397,5.5,5.5,2,2,2011
68418,5,2.5,2,1,2011
68425,2,2,1,1,2011
68432,3,3,1,1,2011
68444,4,4,1,1,2011
68464,20.2,20.2,4,4,2011
68502,25,25,12,12,2011
68524,4,4,1,1,2011
68547,40,20,3,1.5,2011
68549,10,10,1,1,2011
68573,12.5,12.5,6,6,2011
68575,24.2,24.2,5,5,2011
68615,4,4,3,3,2011
68655,35,35,2,2,2011
68673,9,9,2,2,2011
68679,57.7,28.85,9,4.5,2011
68820,0.63,0.63,2,2,2011
68855,15,15,1,1,2011
68895,26.5,26.5,5,5,2011
70001,462.4,231.2,26,13,2011
70110,6,3,2,1,2011
70204,10,10,2,2,2011
70221,28.5432,7.1358,13,3.25,2011
70233,23.519018,11.759509,10,5,2011
70235,12,12,2,2,2011
70265,1.07,1.07,1,1,2011
70429,20.7,10.35,4,2,2011
70473,5.53571,5.53571,1,1,2011
70508,2,2,1,1,2011
70670,32,16,6,3,2011
70678,14,7,5,2.5,2011
70702,10.7,10.7,1,1,2011
70708,50,25,3,1.5,2011
70713,45,22.5,8,4,2011
70717,15.09,15.09,3,3,2011
70820,5,5,1,1,2011
73001,26.489154,6.6222885,14,3.5,2011
73026,16,16,3,3,2011
73030,5.785,2.8925,2,1,2011
73043,7.5,3.75,2,1,2011
73055,11,11,3,3,2011
73124,13.6,4.533333333333333,7,2.3333333333333335,2011
73148,6.5,3.25,2,1,2011
73168,103.68855,25.9221375,47,11.75,2011
73200,0.5,0.5,1,1,2011
73217,1.4,0.7,2,1,2011
73226,12.482,6.241,2,1,2011
73236,2,2,1,1,2011
73275,22,7.333333333333333,3,1,2011
73283,7.774659,3.8873295,2,1,2011
73319,8,8,1,1,2011
73349,21.8,10.9,6,3,2011
73352,5,5,1,1,2011
73408,4,2,2,1,2011
73411,72.8,36.4,22,11,2011
73443,12.8,6.4,2,1,2011
73449,7,7,2,2,2011
73461,13,6.5,3,1.5,2011
73483,70.6,17.65,18,4.5,2011
73504,10.4,5.2,3,1.5,2011
73547,11,5.5,3,1.5,2011
73555,20.4126,5.10315,8,2,2011
73563,36.1,18.05,10,5,2011
73585,8.501,4.2505,5,2.5,2011
73616,5,5,1,1,2011
73671,54.5,18.166666666666668,12,4,2011
73675,12.443525,12.443525,2,2,2011
73678,6.5,3.25,2,1,2011
73686,6.5,6.5,1,1,2011
73770,10,10,2,2,2011
73861,27.608467,5.5216934,21,4.2,2011
73870,40.2,40.2,11,11,2011
76001,2102.772469,300.396067,117,16.714285714285715,2011
76020,10,5,3,1.5,2011
76041,4,4,1,1,2011
76054,6.308301,6.308301,2,2,2011
76100,11.0997,11.0997,11,11,2011
76109,503.5,100.7,69,13.8,2011
76111,45.442207,11.36055175,9,2.25,2011
76113,5,5,2,2,2011
76122,43.3,14.433333333333334,8,2.6666666666666665,2011
76126,5.85,2.925,2,1,2011
76130,145,72.5,11,5.5,2011
76147,86.185666,28.728555333333333,19,6.333333333333333,2011
76233,35,17.5,9,4.5,2011
76243,3.3,3.3,5,5,2011
76248,22.5,7.5,4,1.3333333333333333,2011
76250,32.8286,10.942866666666665,11,3.6666666666666665,2011
76275,29.939,9.979666666666667,11,3.6666666666666665,2011
76318,8.976,8.976,1,1,2011
76364,177.3,35.46,12,2.4,2011
76377,7.2,7.2,2,2,2011
76400,12.2,6.1,4,2,2011
76497,38,19,62,31,2011
76520,156.432601,52.14420033333334,15,5,2011
76563,6.5,6.5,2,2,2011
76606,11.7,11.7,3,3,2011
76616,23,23,5,5,2011
76622,3,3,1,1,2011
76823,8,8,2,2,2011
76828,105,105,10,10,2011
76834,155.7125,51.90416666666666,34,11.333333333333334,2011
76845,12,12,1,1,2011
76863,10.5268,5.2634,5,2.5,2011
76869,10,10,2,2,2011
76890,15,15,1,1,2011
76892,38.6099,12.869966666666667,9,3,2011
76895,34.61,17.305,9,4.5,2011
81001,400.162,133.38733333333332,45,15,2011
81065,55.2,13.8,18,4.5,2011
81220,28.14,9.38,9,3,2011
81300,21.5,21.5,4,4,2011
81591,19,19,7,7,2011
81736,95,31.666666666666668,16,5.333333333333333,2011
81794,71,23.666666666666668,10,3.3333333333333335,2011
85001,285.25,71.3125,53,13.25,2011
85010,30.24,10.08,24,8,2011
85125,69.9575,17.489375,25,6.25,2011
85139,31.392,10.464,16,5.333333333333333,2011
85225,55.68,27.84,43,21.5,2011
85230,25,8.333333333333332,11,3.6666666666666665,2011
85250,47.95,11.9875,10,2.5,2011
85263,49.66,16.553333333333335,27,9,2011
85300,16.06,5.353333333333333,12,4,2011
85315,1,1,1,1,2011
85325,37,37,22,22,2011
85400,8.5,4.25,12,6,2011
85410,109.695,27.42375,64,16,2011
85430,8,4,2,1,2011
85440,62.055,12.411,15,3,2011
86001,49.394906,16.464968666666667,6,2,2011
86219,5,5,1,1,2011
86320,31.9,15.95,10,5,2011
86568,49.5082,16.502733333333335,17,5.666666666666667,2011
86569,6.8,3.4,4,2,2011
86571,14.8,7.4,2,1,2011
86573,90.54,30.18,11,3.6666666666666665,2011
86749,6,3,2,1,2011
86755,22.5,22.5,2,2,2011
86757,3.8712,1.9356,2,1,2011
86760,17.15,5.716666666666667,5,1.6666666666666667,2011
86865,41.6292,10.4073,16,4,2011
86885,10,5,3,1.5,2011
88564,35,35,8,8,2011
91001,95.613085,23.90327125,12,3,2011
94001,6.50961,6.50961,3,3,2011
95001,24.4904,8.163466666666666,9,3,2011
95015,14,7,7,3.5,2011
95200,10.3,5.15,3,1.5,2011
97001,46,46,2,2,2011
97161,15,15,1,1,2011
97666,5,5,1,1,2011
99001,34.38,11.46,18,6,2011
99624,45.4,22.7,11,5.5,2011
99773,10.53,10.53,2,2,2011
91001,13,13,2,2,2015
91540,3.05,1.525,2,1,2015
5002,59.5,19.833333333333332,9,3,2015
5030,15,15,3,3,2015
5031,65.904879,32.9524395,17,8.5,2015
5034,20,20,2,2,2015
5038,16.3,16.3,6,6,2015
5040,44,44,8,8,2015
5042,9.15,2.2875,6,1.5,2015
5045,808.846526,134.80775433333335,74,12.333333333333334,2015
5051,136.235181,68.1175905,19,9.5,2015
5055,6.8,6.8,3,3,2015
5059,2.9,2.9,1,1,2015
5079,1.7,1.7,1,1,2015
5088,552.0765,276.03825,18,9,2015
5086,17,8.5,3,1.5,2015
5093,27.028,13.514,34,17,2015
5101,66.7675,33.38375,10,5,2015
5113,5.1,2.55,5,2.5,2015
5120,22.5,11.25,3,1.5,2015
5125,5,5,1,1,2015
5129,71.812172,17.953043,12,3,2015
5134,3,3,1,1,2015
5142,4.8244,4.8244,3,3,2015
5145,19,9.5,2,1,2015
5147,142.638095,47.546031666666664,19,6.333333333333333,2015
5148,10.8,10.8,7,7,2015
5150,21.76,10.88,5,2.5,2015
5154,3,3,1,1,2015
5172,96.1,48.05,4,2,2015
5190,16,8,4,2,2015
5197,3.3,3.3,3,3,2015
5206,1,1,1,1,2015
5212,365.701034,182.850517,27,13.5,2015
5234,9,9,1,1,2015
5237,23,11.5,4,2,2015
5240,28,28,7,7,2015
5250,108,108,5,5,2015
5697,24,24,3,3,2015
5264,19.75,9.875,7,3.5,2015
5266,153.75,51.25,19,6.333333333333333,2015
5282,33.32,8.33,30,7.5,2015
5284,10,10,2,2,2015
5308,163.3162,54.43873333333334,17,5.666666666666667,2015
5310,22.01,22.01,18,18,2015
5313,22.5,11.25,4,2,2015
5315,10,5,3,1.5,2015
5318,17.131328,4.282832,5,1.25,2015
5321,46.3,23.15,23,11.5,2015
5353,0.5,0.5,1,1,2015
5360,212.468,70.82266666666668,14,4.666666666666667,2015
5361,29.459,14.7295,27,13.5,2015
5368,21.05,10.525,9,4.5,2015
5376,33.7981,33.7981,16,16,2015
5380,3.569,3.569,4,4,2015
5390,0.4,0.4,1,1,2015
5411,10,10,1,1,2015
5440,53,17.666666666666668,8,2.6666666666666665,2015
5001,2990.565298,498.42754966666666,217,36.166666666666664,2015
5475,54.988,54.988,3,3,2015
5495,44.5,44.5,21,21,2015
5490,215.109288,43.021857600000004,31,6.2,2015
5501,7.42,7.42,2,2,2015
5543,50.69,25.345,8,4,2015
5541,18.775559,6.258519666666667,5,1.6666666666666667,2015
5579,44.02,22.01,14,7,2015
5585,113.65,56.825,14,7,2015
5591,32.82,10.94,6,2,2015
5604,10.746055,5.3730275,4,2,2015
5607,21.4,21.4,4,4,2015
5615,417.355721,208.6778605,47,23.5,2015
5628,13.5,6.75,10,5,2015
5631,425.4,212.7,49,24.5,2015
5642,9.4,9.4,2,2,2015
5649,36,18,5,2.5,2015
5652,2.1,2.1,2,2,2015
5656,62.4,20.8,35,11.666666666666666,2015
5659,39,39,6,6,2015
5660,16.1,5.366666666666667,7,2.3333333333333335,2015
5664,27.69,9.23,12,4,2015
5665,46.528,15.509333333333334,6,2,2015
5667,10,10,2,2,2015
5670,0.1,0.1,1,1,2015
5674,78.75656,39.37828,7,3.5,2015
5686,36.95,12.316666666666666,14,4.666666666666667,2015
5736,96.3,48.15,23,11.5,2015
5756,79.095,39.5475,9,4.5,2015
5761,11.2,3.7333333333333334,6,2,2015
5789,28,28,3,3,2015
5790,46.68,23.34,9,4.5,2015
5809,8.115,4.0575,2,1,2015
5819,3,3,1,1,2015
5837,826.95,206.7375,83,20.75,2015
5842,4.99,4.99,1,1,2015
5854,32.87,10.956666666666665,7,2.3333333333333335,2015
5856,55.2,18.4,12,4,2015
5861,62.5,31.25,13,6.5,2015
5873,72,36,9,4.5,2015
5885,2,2,1,1,2015
5887,17.1,5.7,4,1.3333333333333333,2015
5893,55.454363,13.86359075,19,4.75,2015
5895,44.39,22.195,8,4,2015
81001,659.122736,219.70757866666665,25,8.333333333333334,2015
81065,53,26.5,5,2.5,2015
81220,45,45,5,5,2015
81300,34,17,8,4,2015
81591,24,12,2,1,2015
81736,71.14185,23.71395,9,3,2015
81794,62.726,15.6815,8,2,2015
8078,82,41,7,3.5,2015
8001,78.0429,39.02145,5,2.5,2015
8137,74.4,74.4,6,6,2015
8141,0.1,0.1,1,1,2015
8433,122.54,30.635,14,3.5,2015
8436,0.1,0.1,1,1,2015
8520,15.95624,5.318746666666667,5,1.6666666666666667,2015
8549,5.1,2.55,2,1,2015
8558,46.3,23.15,6,3,2015
8560,5,5,1,1,2015
8573,67.545,22.515,12,4,2015
8606,20,20,4,4,2015
8638,167.287894,83.643947,17,8.5,2015
8675,43.5,43.5,7,7,2015
8685,7.45,3.725,3,1.5,2015
8758,251.78,62.945,23,5.75,2015
8770,9.1,4.55,2,1,2015
8832,7.1,7.1,3,3,2015
8849,3.1,1.55,2,1,2015
11001,8195.62706083,1024.45338260375,341,42.625,2015
13006,36,36,4,4,2015
13052,40.61,10.1525,4,1,2015
13074,16,16,6,6,2015
13160,148.2,37.05,16,4,2015
13001,2504.376215,357.7680307142857,133,19,2015
13222,3,3,1,1,2015
13212,50,50,3,3,2015
13244,128.32,64.16,17,8.5,2015
13268,8,8,1,1,2015
13300,8.6,8.6,1,1,2015
13430,324.033574,81.0083935,24,6,2015
13433,325,325,3,3,2015
13442,57.6,14.4,7,1.75,2015
13473,16.64,8.32,3,1.5,2015
13549,0.2,0.2,1,1,2015
13647,21,21,3,3,2015
13655,58.445,58.445,8,8,2015
13657,39.2525,19.62625,9,4.5,2015
13667,27.7,27.7,3,3,2015
13670,60.06,15.015,10,2.5,2015
13673,9,9,1,1,2015
13683,10,10,1,1,2015
13688,35,35,9,9,2015
13744,8.70084,4.35042,4,2,2015
13780,0.9,0.45,2,1,2015
13810,4,4,1,1,2015
13836,28.153444,9.384481333333333,8,2.6666666666666665,2015
13838,29.765,14.8825,5,2.5,2015
13873,0.5,0.5,1,1,2015
15022,20,20,1,1,2015
15051,5.4,2.7,2,1,2015
15092,0.1,0.1,1,1,2015
15135,5,5,2,2,2015
15172,13.2,13.2,8,8,2015
15187,16,8,4,2,2015
15212,0.1,0.1,1,1,2015
15224,2.5,2.5,3,3,2015
15238,60.5823,20.1941,7,2.3333333333333335,2015
15272,0.725,0.725,2,2,2015
15299,12.3,6.15,4,2,2015
15322,1,1,1,1,2015
15368,21,21,2,2,2015
15401,13.45,6.725,3,1.5,2015
15377,4.5,4.5,4,4,2015
15464,15.910024,15.910024,2,2,2015
15491,21.19,10.595,15,7.5,2015
15507,0.2,0.2,1,1,2015
15514,1,1,1,1,2015
15516,1,1,1,1,2015
15522,0.2,0.2,1,1,2015
15537,40,40,4,4,2015
15572,16,8,5,2.5,2015
15638,0.3,0.3,1,1,2015
15660,0.2,0.2,1,1,2015
15664,5,5,1,1,2015
15667,10.191,10.191,7,7,2015
15673,0.2,0.2,1,1,2015
15686,28.799902850000002,28.799902850000002,11,11,2015
15720,1.6,1.6,1,1,2015
15740,0.1,0.1,1,1,2015
15757,0.2,0.2,1,1,2015
15755,54,54,1,1,2015
15759,231.431021,38.571836833333336,22,3.6666666666666665,2015
15763,9.4,9.4,1,1,2015
15776,2.2,2.2,1,1,2015
15804,0.1,0.1,1,1,2015
15820,0.3,0.3,1,1,2015
15822,4,4,1,1,2015
15001,315.331,157.6655,58,29,2015
15832,11,11,3,3,2015
15407,19.2,6.4,16,5.333333333333333,2015
15879,5.14,2.57,4,2,2015
17013,26.7,26.7,3,3,2015
17042,5,5,1,1,2015
17050,7.1,7.1,1,1,2015
17088,25.8,12.9,4,2,2015
17174,35.1,11.7,9,3,2015
17380,242.951868,80.983956,22,7.333333333333333,2015
17001,676.796142,169.1990355,71,17.75,2015
17433,51,25.5,12,6,2015
17442,3.05,3.05,1,1,2015
17444,5.5,5.5,3,3,2015
17486,45.92,22.96,18,9,2015
17513,10,10,1,1,2015
17614,24.718,12.359,5,2.5,2015
17653,14.1,7.05,3,1.5,2015
17662,19,19,2,2,2015
17777,29.6,14.8,6,3,2015
17873,53.3,26.65,7,3.5,2015
18029,25.7,12.85,5,2.5,2015
18094,23.5,11.75,9,4.5,2015
18150,20.1,10.05,4,2,2015
18205,5,5,1,1,2015
18247,29.18705,29.18705,5,5,2015
18256,1.2,0.6,2,1,2015
18001,474.46429,79.07738166666667,30,5,2015
18479,30.7,30.7,6,6,2015
18592,0.1,0.1,1,1,2015
18610,7,7,1,1,2015
18753,7.7,7.7,2,2,2015
18756,5.55,5.55,7,7,2015
18785,15.35,7.675,5,2.5,2015
18860,0.2,0.2,1,1,2015
85010,74.95,18.7375,15,3.75,2015
85015,2.63,1.315,3,1.5,2015
85125,91.308,45.654,34,17,2015
85162,31.357231,15.6786155,5,2.5,2015
85225,62.7,62.7,8,8,2015
85250,135.8561,33.964025,19,4.75,2015
85263,51.05,12.7625,10,2.5,2015
85300,3.4048,3.4048,2,2,2015
85315,23,11.5,6,3,2015
85325,94,31.333333333333332,20,6.666666666666667,2015
85400,76.6,38.3,6,3,2015
85001,335.287523,37.254169222222224,57,6.333333333333333,2015
19022,26.4,26.4,3,3,2015
19075,88,44,6,3,2015
19100,51,51,5,5,2015
19130,21.42,10.71,4,2,2015
19137,31.0914,15.5457,4,2,2015
19142,51.61,51.61,26,26,2015
19212,20,20,1,1,2015
19256,22.1,22.1,8,8,2015
19300,74.57,37.285,8,4,2015
19318,96.008,19.2016,13,2.6,2015
19355,36.8,18.4,5,2.5,2015
19364,42.23,21.115,9,4.5,2015
19392,18.2,9.1,2,1,2015
19418,81.489125,40.7445625,11,5.5,2015
19450,0.3,0.3,1,1,2015
19455,172.48,86.24,6,3,2015
19473,30,30,3,3,2015
19513,56.8,18.933333333333334,9,3,2015
19532,74,37,5,2.5,2015
19533,33.9,16.95,3,1.5,2015
19001,56.78356,18.92785333333333,26,8.666666666666666,2015
19573,61.55,12.31,14,2.8,2015
19585,24.6,24.6,5,5,2015
19701,11,5.5,2,1,2015
19698,76.9,38.45,12,6,2015
19743,194.5734,48.64335,30,7.5,2015
19760,70,35,4,2,2015
19807,9,9,1,1,2015
19809,17.2,8.6,2,1,2015
19821,5,5,1,1,2015
19824,9,9,1,1,2015
19845,87.6,43.8,6,3,2015
20011,481.27,96.254,25,5,2015
20045,18.5,18.5,2,2,2015
20178,72,36,8,4,2015
20228,17,17,2,2,2015
20238,13,13,2,2,2015
20250,58.6,58.6,7,7,2015
20310,0.1,0.1,1,1,2015
20383,9,9,1,1,2015
20400,76.2,25.4,4,1.3333333333333333,2015
20570,3,3,1,1,2015
20614,21.35,7.116666666666667,13,4.333333333333333,2015
20710,26.3,26.3,6,6,2015
20750,26,13,4,2,2015
20770,12.328,4.109333333333334,3,1,2015
20787,22.95,11.475,5,2.5,2015
20001,1525.637221,217.94817442857143,42,6,2015
27006,54.9,27.45,11,5.5,2015
27025,25.5,25.5,3,3,2015
27050,19.06,19.06,3,3,2015
27073,23,11.5,3,1.5,2015
27075,48,24,11,5.5,2015
27099,113.025,37.675,10,3.3333333333333335,2015
27150,75.1,25.03333333333333,8,2.6666666666666665,2015
27160,30,30,4,4,2015
27205,66.83,33.415,12,6,2015
27135,15.25,15.25,1,1,2015
27150,9,4.5,4,2,2015
27250,64.5,32.25,9,4.5,2015
27372,135.9,67.95,29,14.5,2015
27413,25.85,12.925,4,2,2015
27425,61.2,61.2,8,8,2015
27450,83.685747,41.8428735,11,5.5,2015
27491,2.4,2.4,1,1,2015
27495,9,9,1,1,2015
27001,55.798,27.899,4,2,2015
27580,2,2,1,1,2015
27600,31,31,6,6,2015
27615,64.1588,21.386266666666668,11,3.6666666666666665,2015
27745,10.5,10.5,2,2,2015
27787,9,9,1,1,2015
27800,10,10,3,3,2015
27810,23.25,11.625,3,1.5,2015
23068,20.1,10.05,3,1.5,2015
23090,36,36,4,4,2015
23162,463,154.33333333333334,13,4.333333333333333,2015
23168,18,18,2,2,2015
23182,10,5,2,1,2015
23189,57,57,4,4,2015
23300,20,10,3,1.5,2015
23350,16,16,2,2,2015
23417,20,20,1,1,2015
23419,5,5,1,1,2015
23466,0.1,0.1,1,1,2015
23001,1012.7636951700001,202.552739034,33,6.6,2015
23500,23.5,23.5,3,3,2015
23555,70.9,35.45,10,5,2015
23574,82.82,27.60666666666667,5,1.6666666666666667,2015
23660,45,45,1,1,2015
23670,175,87.5,9,4.5,2015
23672,8.6,8.6,1,1,2015
23675,100.9,50.45,11,5.5,2015
23678,56,28,4,2,2015
23682,11,5.5,5,2.5,2015
23686,6,6,6,6,2015
23807,57.3183,57.3183,4,4,2015
23855,70.809,23.603,5,1.6666666666666667,2015
25001,40,20,3,1.5,2015
25019,29.5,14.75,5,2.5,2015
25035,10.18,10.18,63,63,2015
25040,20.359,10.1795,6,3,2015
25599,6.8,6.8,4,4,2015
25053,7.9,3.95,5,2.5,2015
25099,21.375,21.375,19,19,2015
25126,259.007588,43.167931333333335,47,7.833333333333333,2015
25148,22.1,7.366666666666667,7,2.3333333333333335,2015
25151,8.2,4.1,3,1.5,2015
25168,44.2563,22.12815,14,7,2015
25175,120.85,30.2125,7,1.75,2015
25178,22.8,22.8,4,4,2015
25181,9.3,9.3,5,5,2015
25183,6,6,2,2,2015
25214,21.4,10.7,5,2.5,2015
25224,6,3,3,1.5,2015
25245,21.95,7.316666666666667,20,6.666666666666667,2015
25258,6,6,2,2,2015
25260,8.358,4.179,5,2.5,2015
25269,511.081368,102.2162736,38,7.6,2015
25279,1.85,1.85,1,1,2015
25281,3,3,1,1,2015
25286,83.55,83.55,12,12,2015
25288,2.482524,1.241262,5,2.5,2015
25290,133.41003144,33.35250786,38,9.5,2015
25293,84,84,5,5,2015
25295,90,45,7,3.5,2015
25299,9,9,1,1,2015
25307,384.123314,54.874759142857144,37,5.285714285714286,2015
25312,13.1948,6.5974,7,3.5,2015
25320,10,10,1,1,2015
25322,11.6,3.8666666666666667,4,1.3333333333333333,2015
25326,14.3,7.15,8,4,2015
25328,4.5,4.5,2,2,2015
25335,2,2,1,1,2015
25372,18,18,2,2,2015
25377,4,4,2,2,2015
25386,18.196,18.196,7,7,2015
25394,0.4,0.4,1,1,2015
25398,8,8,1,1,2015
25402,119.298,39.766,8,2.6666666666666665,2015
25426,3,3,1,1,2015
25430,369.10272,92.27568,41,10.25,2015
25436,3.23,3.23,1,1,2015
25438,42.9,8.58,17,3.4,2015
25473,12.7,6.35,3,1.5,2015
25486,13.45,13.45,3,3,2015
25488,35,35,5,5,2015
25489,18,18,2,2,2015
25491,9.5,9.5,3,3,2015
25513,53.8,26.9,14,7,2015
25524,10.3,10.3,3,3,2015
25530,9,9,3,3,2015
25535,19,19,2,2,2015
25572,33.6,11.2,10,3.3333333333333335,2015
25594,2.5,2.5,1,1,2015
25612,18,18,2,2,2015
25649,46,46,16,16,2015
25658,9.67,4.835,4,2,2015
25718,11.62,11.62,3,3,2015
25740,9,9,1,1,2015
25743,25,25,1,1,2015
25745,14.382524,7.191262,7,3.5,2015
25754,194.47,64.82333333333334,12,4,2015
25758,55.3,13.825,15,3.75,2015
25769,10.4,10.4,2,2,2015
25777,0.8,0.8,1,1,2015
25785,49.828505,16.609501666666667,12,4,2015
25793,12.470968,6.235484,5,2.5,2015
25799,91.22167,22.8054175,17,4.25,2015
25805,4.775,1.5916666666666668,4,1.3333333333333333,2015
25817,55.7,27.85,8,4,2015
25839,9,9,1,1,2015
25841,24.9,12.45,11,5.5,2015
25843,4,4,1,1,2015
25845,5.02,5.02,2,2,2015
25851,69.45,69.45,11,11,2015
25506,0.1,0.1,1,1,2015
25862,43.483,21.7415,8,4,2015
25871,4.8,4.8,2,2,2015
25873,12,12,3,3,2015
25875,67.687132,33.843566,9,4.5,2015
25878,12,4,3,1,2015
25885,19.9161,6.6387,4,1.3333333333333333,2015
25899,529.284,176.428,85,28.333333333333332,2015
95025,27,27,3,3,2015
95200,25.2,12.6,4,2,2015
41006,9,4.5,2,1,2015
41132,4,4,1,1,2015
41206,5.1,2.55,2,1,2015
41306,78.3,39.15,4,2,2015
41359,16.1,8.05,6,3,2015
41396,19.56,6.52,3,1,2015
41483,1.4,1.4,3,3,2015
41001,851.823093,283.941031,104,34.666666666666664,2015
41548,58.5,19.5,9,3,2015
41615,78.094395,78.094395,2,2,2015
41676,2,2,1,1,2015
41799,4.442804,4.442804,1,1,2015
44035,42,42,7,7,2015
44078,16,16,3,3,2015
44090,9.938072,9.938072,1,1,2015
44098,9,9,1,1,2015
44110,52,52,13,13,2015
44279,38.8,9.7,7,1.75,2015
44430,411.43259,102.8581475,49,12.25,2015
44560,150.12,75.06,12,6,2015
44001,917.44323,229.3608075,25,6.25,2015
44650,145,72.5,7,3.5,2015
44847,3,3,1,1,2015
44874,67,33.5,7,3.5,2015
47053,14.32,14.32,4,4,2015
47161,17,17,3,3,2015
47170,41.25,20.625,8,4,2015
47189,363.94,121.31333333333333,21,7,2015
47205,9.1,4.55,3,1.5,2015
47245,43.058,43.058,6,6,2015
47258,16,16,2,2,2015
47288,70.81,35.405,10,5,2015
47318,16.2,16.2,3,3,2015
47555,49,49,5,5,2015
47605,8,4,2,1,2015
47675,0.2,0.2,1,1,2015
47692,9,9,1,1,2015
47703,50.484,25.242,6,3,2015
47001,7853.713205,1963.42830125,71,17.75,2015
50006,133.65,33.4125,34,8.5,2015
50124,3.2062,3.2062,1,1,2015
50150,49,24.5,24,12,2015
50223,12.95,6.475,5,2.5,2015
50226,165.5022,55.1674,8,2.6666666666666665,2015
50270,9.79,4.895,17,8.5,2015
50287,5,5,1,1,2015
50313,87.347496,29.115832,30,10,2015
50318,26.5,26.5,4,4,2015
50400,60.35,30.175,13,6.5,2015
50330,30.9,15.45,5,2.5,2015
50450,31.7,10.566666666666666,3,1,2015
50568,83.144336,41.572168,15,7.5,2015
50577,12,12,2,2,2015
50590,130,65,47,23.5,2015
50683,10,10,1,1,2015
50370,24.82796,24.82796,12,12,2015
50001,1592.759466,318.5518932,91,18.2,2015
50711,6.65,6.65,4,4,2015
52079,60,30,5,2.5,2015
52083,6,3,6,3,2015
52240,2,2,1,1,2015
52203,4.27,4.27,2,2,2015
52215,15.35,7.675,7,3.5,2015
52227,15,15,2,2,2015
52233,30.128,30.128,8,8,2015
52250,24,8,4,1.3333333333333333,2015
52254,32,32,1,1,2015
52317,11.6,11.6,3,3,2015
52352,0.1696,0.1696,1,1,2015
52354,40,40,6,6,2015
52356,196.37736,98.18868,14,7,2015
52378,9,9,1,1,2015
52390,0.1,0.1,1,1,2015
52405,6,6,1,1,2015
52418,3,3,1,1,2015
52427,109.6915,27.422875,20,5,2015
52435,12,12,1,1,2015
52473,122.1,61.05,14,7,2015
52490,58.738,19.57933333333333,13,4.333333333333333,2015
52001,239.029925,59.75748125,17,4.25,2015
52540,23,23,4,4,2015
52560,3.26,1.63,3,1.5,2015
52612,84.4117,28.13723333333333,28,9.333333333333334,2015
52621,103.641,51.8205,9,4.5,2015
52678,1.28,1.28,1,1,2015
52687,27.4,13.7,6,3,2015
52693,18.1,18.1,6,6,2015
52694,0.5,0.5,1,1,2015
52696,0.1,0.1,1,1,2015
52720,33,16.5,6,3,2015
52786,8,8,3,3,2015
52788,4.9,2.45,2,1,2015
52835,284,71,18,4.5,2015
52838,70.68,23.56,22,7.333333333333333,2015
52885,6,6,1,1,2015
54003,16,16,3,3,2015
54128,0.1,0.1,1,1,2015
54125,1.77,1.77,1,1,2015
54172,30.9343,10.311433333333333,9,3,2015
54174,6,6,1,1,2015
54206,19.1,19.1,3,3,2015
54001,1669.687544,333.9375088,97,19.4,2015
54223,20,20,2,2,2015
54239,5,5,1,1,2015
54245,40,40,8,8,2015
54261,23.41,11.705,6,3,2015
54344,42,42,3,3,2015
54385,18.2,9.1,4,2,2015
54398,0.05,0.05,1,1,2015
54377,46.2335,23.11675,7,3.5,2015
54405,151.7265,50.5755,9,3,2015
54498,103.695,25.92375,9,2.25,2015
54518,50.4,25.2,7,3.5,2015
54553,27.05,27.05,4,4,2015
54599,2.428,2.428,1,1,2015
54670,10.6,5.3,4,2,2015
54720,3,3,1,1,2015
54800,44,44,3,3,2015
54810,25.6,8.533333333333333,9,3,2015
54820,4,4,1,1,2015
54871,1.5,1.5,2,2,2015
54874,176.84875,88.424375,4,2,2015
86001,72.13,36.065,7,3.5,2015
86320,38.5,12.833333333333334,6,2,2015
86568,98.15,32.71666666666667,11,3.6666666666666665,2015
86569,36.8,18.4,5,2.5,2015
86571,29.7509,14.87545,6,3,2015
86573,49.1,12.275,11,2.75,2015
86749,30,30,4,4,2015
86885,59.9,19.96666666666667,7,2.3333333333333335,2015
63130,45.922598,15.307532666666667,17,5.666666666666667,2015
63190,5,5,1,1,2015
63212,8,8,1,1,2015
63272,10,10,6,6,2015
63401,19,9.5,3,1.5,2015
63470,5,5,1,1,2015
63548,0.2,0.2,1,1,2015
63594,47,23.5,7,3.5,2015
66045,11,5.5,2,1,2015
66075,30,30,5,5,2015
66170,327.745,109.24833333333333,49,16.333333333333332,2015
66318,4,2,2,1,2015
66383,2,2,1,1,2015
66400,40,13.333333333333334,5,1.6666666666666667,2015
66440,15.6061,5.202033333333333,5,1.6666666666666667,2015
66456,14.2904,14.2904,2,2,2015
66001,216.879178,72.29305933333333,33,11,2015
66594,7,7,1,1,2015
66682,40,20,6,3,2015
66687,18.6,18.6,6,6,2015
88564,111.4,55.7,11,5.5,2015
68077,10,10,1,1,2015
68079,6.9,6.9,6,6,2015
68081,508.192338,101.6384676,41,8.2,2015
68101,5,5,1,1,2015
68001,1299.608269,324.90206725,50,12.5,2015
68121,33,33,5,5,2015
68147,8,8,1,1,2015
68152,0.3,0.15,2,1,2015
68169,4.335,4.335,2,2,2015
68176,10,10,1,1,2015
68190,55,55,9,9,2015
68207,82.2,82.2,9,9,2015
68235,18,18,2,2,2015
68245,19,19,3,3,2015
68250,0.2,0.2,1,1,2015
68255,51.5,25.75,9,4.5,2015
68271,29.5,14.75,7,3.5,2015
68276,477.88,159.29333333333335,15,5,2015
68296,5,5,1,1,2015
68298,4,4,1,1,2015
68307,1.1,1.1,2,2,2015
68318,0.1,0.1,1,1,2015
68397,2,2,1,1,2015
68385,32,16,5,2.5,2015
68406,20.93,20.93,3,3,2015
68468,15,15,3,3,2015
68500,19.04,9.52,14,7,2015
68522,2,2,1,1,2015
68572,3.5,3.5,2,2,2015
68573,9,9,1,1,2015
68615,2.25,2.25,1,1,2015
68655,20,10,3,1.5,2015
68669,0.1,0.1,1,1,2015
68679,47.53865,9.50773,15,3,2015
68682,0.1,0.1,1,1,2015
68684,0.1,0.1,1,1,2015
68689,22,22,3,3,2015
68705,17.1,8.55,5,2.5,2015
68720,28.2,28.2,5,5,2015
68745,20,20,4,4,2015
68855,60,60,3,3,2015
68895,0.2,0.2,1,1,2015
70124,0.6,0.6,1,1,2015
70230,8.8,8.8,4,4,2015
70215,14.19,7.095,2,1,2015
70221,52.7,17.566666666666666,11,3.6666666666666665,2015
70233,24.467519,24.467519,2,2,2015
70235,0.38,0.38,1,1,2015
70265,12.55,12.55,4,4,2015
70429,16.2,8.1,5,2.5,2015
70473,7,7,2,2,2015
70523,0.1,0.1,1,1,2015
70708,39.7,9.925,7,1.75,2015
70713,0.1,0.1,1,1,2015
70717,1.1,0.55,2,1,2015
70742,7.861973,3.9309865,2,1,2015
70001,450.4431,112.610775,24,6,2015
70823,22.5,22.5,3,3,2015
73030,0.1,0.1,1,1,2015
73043,8,8,1,1,2015
73055,3,3,1,1,2015
73067,0.2,0.2,1,1,2015
73124,9,9,1,1,2015
73148,3,3,2,2,2015
73152,32.15,32.15,9,9,2015
73168,102,51,7,3.5,2015
73217,18.8,18.8,2,2,2015
73226,0.3,0.3,1,1,2015
73268,35.0997,17.54985,4,2,2015
73270,4,4,2,2,2015
73275,38.5,38.5,5,5,2015
73283,48.5,24.25,7,3.5,2015
73319,10,10,1,1,2015
73347,10.8,5.4,2,1,2015
73001,657.142222,131.42844440000002,29,5.8,2015
73352,25.0835,6.270875,11,2.75,2015
73411,36,12,8,2.6666666666666665,2015
73443,29.073,14.5365,5,2.5,2015
73449,74.5,24.833333333333332,10,3.3333333333333335,2015
73461,5,2.5,2,1,2015
73504,10,10,1,1,2015
73520,5,5,1,1,2015
73547,9.6,4.8,3,1.5,2015
73563,9.4,9.4,1,1,2015
73585,1.26,1.26,1,1,2015
73622,5.4,2.7,5,2.5,2015
73624,5.2,5.2,1,1,2015
73671,53.8956,13.4739,9,2.25,2015
73675,23,23,5,5,2015
73678,0.1572,0.0786,2,1,2015
73686,17.45,8.725,7,3.5,2015
73770,13.5,6.75,3,1.5,2015
73854,0.1,0.1,1,1,2015
73870,56.2,56.2,13,13,2015
76041,9,9,1,1,2015
76100,5.5,5.5,2,2,2015
76109,536.326343,67.040792875,33,4.125,2015
76111,91.95755,30.652516666666667,7,2.3333333333333335,2015
76113,93.220459,23.30511475,8,2,2015
76122,57.1,28.55,4,2,2015
76001,1965.636536,327.60608933333333,94,15.666666666666666,2015
76126,4.207,1.4023333333333332,4,1.3333333333333333,2015
76130,108.8929,36.29763333333334,20,6.666666666666667,2015
76147,173.9444,43.4861,11,2.75,2015
76233,194.452852,64.81761733333333,55,18.333333333333332,2015
76246,20,20,2,2,2015
76248,15.95,7.975,3,1.5,2015
76250,15.8,15.8,4,4,2015
76275,75.9,25.3,13,4.333333333333333,2015
76306,9.25086,9.25086,3,3,2015
76318,77.7,38.85,8,4,2015
76364,192,38.4,15,3,2015
76377,2.5,2.5,1,1,2015
76400,38,19,4,2,2015
76403,0.1,0.1,1,1,2015
76520,41,20.5,5,2.5,2015
76563,35,35,2,2,2015
76616,7,7,2,2,2015
76622,3,3,2,2,2015
76736,9,9,2,2,2015
76834,392.447194,130.81573133333333,22,7.333333333333333,2015
76845,37.2,18.6,2,1,2015
76890,15,15,1,1,2015
76892,168.977,84.4885,16,8,2015
76895,46.25,15.416666666666666,13,4.333333333333333,2015
97161,0.35,0.175,2,1,2015
97001,0.1,0.1,1,1,2015
99773,25.5,12.75,4,2,2015
99524,18,18,11,11,2015
99001,32.7,8.175,6,1.5,2015
99624,42.354,42.354,8,8,2015
91001,108.97,21.794,9,1.8,2019
5002,70.60655,14.12131,28,5.6,2019
5004,5,5,1,1,2019
5030,30.955879,10.318626333333334,6,2,2019
5031,26.25,13.125,7,3.5,2019
5034,156.794425,52.264808333333335,28,9.333333333333334,2019
5036,1.5,1.5,1,1,2019
5040,59.00542,14.751355,12,3,2019
5042,161.299476,32.2598952,24,4.8,2019
5044,16.2,16.2,2,2,2019
5045,723.049721,241.01657366666666,45,15,2019
5051,90.56,45.28,15,7.5,2019
5055,34.129,17.0645,17,8.5,2019
5059,16.1824,5.3941333333333334,4,1.3333333333333333,2019
5079,87.524981,29.17499366666667,20,6.666666666666667,2019
5088,547.859464,91.30991066666667,30,5,2019
5091,16.6,5.533333333333333,5,1.6666666666666667,2019
5093,52,17.333333333333332,11,3.6666666666666665,2019
5101,2.2,0.7333333333333334,5,1.6666666666666667,2019
5107,11.8,11.8,6,6,2019
5113,42,42,5,5,2019
5120,4.1,2.05,2,1,2019
5125,0.1,0.1,1,1,2019
5129,116.668696,23.3337392,24,4.8,2019
5142,0.7,0.35,2,1,2019
5145,2.598,2.598,2,2,2019
5147,27.87,5.574,12,2.4,2019
5148,112,56,12,6,2019
5150,14.878,4.959333333333333,8,2.6666666666666665,2019
5154,116.657561,23.3315122,14,2.8,2019
5138,1.2,0.6,2,1,2019
5172,271.606609,45.26776816666666,25,4.166666666666667,2019
5197,1.5,1.5,1,1,2019
5206,0.7,0.35,3,1.5,2019
5209,13.15,6.575,2,1,2019
5212,295.987,42.283857142857144,33,4.714285714285714,2019
5234,10,3.3333333333333335,5,1.6666666666666667,2019
5237,1,0.3333333333333333,3,1,2019
5240,0.6,0.6,2,2,2019
5250,85.299712,28.43323733333333,12,4,2019
5697,20.25,10.125,7,3.5,2019
5264,32.005,16.0025,8,4,2019
5266,128.198116,42.732705333333335,18,6,2019
5282,6.9,3.45,6,3,2019
5284,13.9,3.475,5,1.25,2019
5306,16.9,8.45,10,5,2019
5308,213.262567,53.31564175,37,9.25,2019
5310,24.286,24.286,4,4,2019
5313,34.7,34.7,5,5,2019
5315,24.2,12.1,10,5,2019
5318,95.84,23.96,17,4.25,2019
5321,0.35,0.35,2,2,2019
5347,8.2,2.05,5,1.25,2019
5353,5.4,1.35,6,1.5,2019
5360,810.226599,270.075533,34,11.333333333333334,2019
5361,51.8,7.4,12,1.7142857142857142,2019
5368,24.07,8.023333333333333,13,4.333333333333333,2019
5376,7.5,1.5,8,1.6,2019
5380,76.20861,25.40287,11,3.6666666666666665,2019
5390,43.028012,21.514006,43,21.5,2019
5400,63.616125,12.723225,25,5,2019
5411,51.83755,51.83755,3,3,2019
5425,40.10565,20.052825,21,10.5,2019
5440,33.36,5.56,19,3.1666666666666665,2019
5001,2718.76164048,247.16014913454543,227,20.636363636363637,2019
5475,26.15,6.5375,4,1,2019
5480,28.145228,14.072614,3,1.5,2019
5483,5.54,2.77,6,3,2019
5495,27.4,13.7,5,2.5,2019
5490,20.7,6.9,6,2,2019
5543,29,14.5,6,3,2019
5541,21.539511,7.179837,3,1,2019
5576,5.6,2.8,4,2,2019
5579,131.128,21.854666666666667,23,3.8333333333333335,2019
5585,65.987,16.49675,17,4.25,2019
5591,22.3369,7.445633333333333,6,2,2019
5604,19.51,6.503333333333333,9,3,2019
5607,7,2.3333333333333335,4,1.3333333333333333,2019
5615,407.02,81.404,82,16.4,2019
5628,11.4,3.8,5,1.6666666666666667,2019
5631,319.25,159.625,32,16,2019
5642,22.4,5.6,9,2.25,2019
5647,3,3,1,1,2019
5649,84.1,28.03333333333333,11,3.6666666666666665,2019
5652,1,1,1,1,2019
5656,2.8,1.4,3,1.5,2019
5658,21.4,10.7,6,3,2019
5659,59.302348,14.825587,18,4.5,2019
5660,20,20,3,3,2019
5664,6.2,3.1,3,1.5,2019
5665,35.575,11.858333333333334,7,2.3333333333333335,2019
5667,11.85,5.925,6,3,2019
5670,12.6,4.2,4,1.3333333333333333,2019
5679,5,5,1,1,2019
5686,27.9677,5.59354,9,1.8,2019
5690,1,1,1,1,2019
5736,28.01615,14.008075,9,4.5,2019
5756,41.272,13.757333333333333,7,2.3333333333333335,2019
5761,31.619506,7.9048765,20,5,2019
5789,4.75,4.75,2,2,2019
5790,18.588,6.196,18,6,2019
5792,35,35,8,8,2019
5809,0.6,0.6,2,2,2019
5819,9.9,2.475,7,1.75,2019
5837,1056.270926,176.04515433333333,54,9,2019
5842,1,1,1,1,2019
5861,70.993469,35.4967345,23,11.5,2019
5873,56.16,28.08,8,4,2019
5887,0.2,0.1,2,1,2019
5890,25,25,2,2,2019
5893,99.430984,16.571830666666667,44,7.333333333333333,2019
5895,10.5,10.5,4,4,2019
81001,602.667192,86.09531314285715,88,12.571428571428571,2019
81065,234.3435,58.585875,27,6.75,2019
81220,36.3,12.1,8,2.6666666666666665,2019
81300,53.616095,17.87203166666667,19,6.333333333333333,2019
81591,13,6.5,9,4.5,2019
81736,182.127348,60.709116,24,8,2019
81794,35,35,3,3,2019
8078,42.2,8.44,17,3.4,2019
8001,577.319167,144.32979175,47,11.75,2019
8137,2,2,2,2,2019
8141,2.825,0.565,8,1.6,2019
8296,45.85,11.4625,9,2.25,2019
8372,40.545017,13.515005666666665,10,3.3333333333333335,2019
8421,12,12,3,3,2019
8433,491.210989,81.86849816666667,32,5.333333333333333,2019
8436,10.98,10.98,5,5,2019
8520,35,17.5,7,3.5,2019
8549,1.6,0.8,2,1,2019
8558,12.8,6.4,3,1.5,2019
8560,0.1,0.1,1,1,2019
8573,54.2,10.84,12,2.4,2019
8606,17,8.5,3,1.5,2019
8634,16.475,5.491666666666667,4,1.3333333333333333,2019
8638,35,17.5,4,2,2019
8675,44.855017,8.9710034,12,2.4,2019
8685,26.986496,4.497749333333333,17,2.8333333333333335,2019
8758,900.12806,180.025612,28,5.6,2019
8770,1.6,1.6,1,1,2019
8832,51.44,17.14666666666667,12,4,2019
8849,24.7,8.233333333333333,6,2,2019
11001,6242.422755,2080.807585,778,259.3333333333333,2019
13006,96.283,19.2566,16,3.2,2019
13030,111.3524,55.6762,15,7.5,2019
13042,31.098,7.7745,16,4,2019
13052,117.8,39.266666666666666,12,4,2019
13062,2.484348,2.484348,1,1,2019
13074,20.75,10.375,4,2,2019
13140,77.463017,19.36575425,12,3,2019
13160,40.35,10.0875,5,1.25,2019
13001,1048.77512678,149.82501811142856,91,13,2019
13222,16.6,8.3,5,2.5,2019
13212,18,18,1,1,2019
13244,126.535,31.63375,15,3.75,2019
13268,11,5.5,9,4.5,2019
13300,5.1,2.55,2,1,2019
13430,421,210.5,19,9.5,2019
13433,46.68,15.56,12,4,2019
13440,2.3,1.15,3,1.5,2019
13442,135,45,10,3.3333333333333335,2019
13468,4,2,2,1,2019
13458,74.2,18.55,10,2.5,2019
13473,2.75,1.375,2,1,2019
13490,0.5,0.5,1,1,2019
13549,14.5,7.25,5,2.5,2019
13580,8.17,4.085,6,3,2019
13620,1.7,0.85,2,1,2019
13647,55,55,3,3,2019
13650,0.25,0.25,1,1,2019
13654,0.1,0.1,1,1,2019
13655,77.795,38.8975,9,4.5,2019
13657,38.9,19.45,6,3,2019
13667,20,6.666666666666667,3,1,2019
13670,57.4,28.7,10,5,2019
13673,53.6,26.8,11,5.5,2019
13683,32.39,8.0975,8,2,2019
13688,70.5,35.25,11,5.5,2019
13744,22.3,7.433333333333333,6,2,2019
13760,18.968,4.742,8,2,2019
13780,20,20,2,2,2019
13836,108.58,36.193333333333335,19,6.333333333333333,2019
13838,26.15,8.716666666666667,5,1.6666666666666667,2019
13873,38.5,9.625,8,2,2019
13894,64.55,32.275,8,4,2019
15022,0.1,0.1,1,1,2019
15051,10,10,1,1,2019
15087,11.1,11.1,3,3,2019
15092,1,1,1,1,2019
15097,1.95,1.95,1,1,2019
15106,0.3,0.15,2,1,2019
15109,0.2,0.2,1,1,2019
15131,0.2,0.2,1,1,2019
15135,0.4,0.4,1,1,2019
15162,0.5,0.25,2,1,2019
15172,0.4,0.4,1,1,2019
15176,160.7059,40.176475,63,15.75,2019
15185,30.5,15.25,4,2,2019
15187,0.2,0.2,2,2,2019
15236,3,3,1,1,2019
15212,4.5004,2.2502,6,3,2019
15218,0.85,0.85,1,1,2019
15223,35.55,35.55,3,3,2019
15238,21.901096,7.300365333333333,8,2.6666666666666665,2019
15244,0.15,0.15,1,1,2019
15272,0.8,0.8,2,2,2019
15296,1.5,1.5,2,2,2019
15325,9,4.5,4,2,2019
15332,0.9,0.9,1,1,2019
15362,0.5,0.5,2,2,2019
15380,1.3,0.65,2,1,2019
15403,0.2,0.2,1,1,2019
15401,0.1,0.1,1,1,2019
15425,80,80,2,2,2019
15455,14.6,7.3,7,3.5,2019
15466,12,12,2,2,2019
15469,9,9,1,1,2019
15476,0.6069,0.6069,1,1,2019
15480,0.5,0.5,1,1,2019
15491,25.778,12.889,11,5.5,2019
15500,1.689698,0.844849,2,1,2019
15507,0.6,0.6,1,1,2019
15511,0.4,0.4,1,1,2019
15514,0.2,0.2,1,1,2019
15516,83.5,41.75,22,11,2019
15542,5,5,1,1,2019
15550,45.09614,15.032046666666666,16,5.333333333333333,2019
15572,225.384712,56.346178,24,6,2019
15580,0.6,0.6,1,1,2019
15600,1,1,1,1,2019
15621,10,10,1,1,2019
15664,1.5,1.5,1,1,2019
15693,4.35,2.175,2,1,2019
15696,0.15,0.15,1,1,2019
15686,12,12,2,2,2019
15723,1,1,1,1,2019
15740,10,10,1,1,2019
15755,0.5,0.25,2,1,2019
15759,138.628958,27.7257916,19,3.8,2019
15762,0.35,0.35,1,1,2019
15764,0.45,0.45,1,1,2019
15774,2,2,1,1,2019
15776,33.15,33.15,18,18,2019
15778,30.02,30.02,2,2,2019
15798,0.2,0.2,2,2,2019
15816,22.3,11.15,13,6.5,2019
15820,0.2,0.2,1,1,2019
15822,0.5,0.5,1,1,2019
15001,481.941997,80.32366616666667,153,25.5,2019
15839,3,3,1,1,2019
15842,0.9,0.9,1,1,2019
15861,16.878,5.626,5,1.6666666666666667,2019
15407,101.343558,25.3358895,27,6.75,2019
17013,11.8,3.9333333333333336,3,1,2019
17042,15.6,7.8,5,2.5,2019
17050,18,9,5,2.5,2019
17088,12.98,6.49,4,2,2019
17174,151.67048,30.334096,33,6.6,2019
17272,10.9,3.6333333333333333,4,1.3333333333333333,2019
17380,481.7018,80.28363333333333,29,4.833333333333333,2019
17388,2.1,0.7,3,1,2019
17001,627.267812,156.816953,32,8,2019
17433,13.7,13.7,4,4,2019
17442,0.45,0.15,3,1,2019
17444,32.2,10.733333333333334,8,2.6666666666666665,2019
17446,0.7,0.7,2,2,2019
17486,0.1,0.1,1,1,2019
17495,27.595997,13.7979985,10,5,2019
17513,21,21,3,3,2019
17524,20.66,5.165,7,1.75,2019
17541,49,49,5,5,2019
17614,46.5,23.25,8,4,2019
17653,2.4,1.2,3,1.5,2019
17662,34,17,14,7,2019
17777,7.5,2.5,3,1,2019
17867,25.6,8.533333333333333,5,1.6666666666666667,2019
17873,3.35,0.67,6,1.2,2019
17877,1.25,1.25,1,1,2019
18029,13.1124,6.5562,4,2,2019
18094,30.7,15.35,6,3,2019
18150,96.45,32.15,12,4,2019
18205,20.6,5.15,16,4,2019
18247,12.018,6.009,7,3.5,2019
18256,5.8,5.8,2,2,2019
18001,203.506088,50.876522,27,6.75,2019
18410,0.5,0.5,1,1,2019
18460,16,16,2,2,2019
18592,8.5,2.8333333333333335,4,1.3333333333333333,2019
18610,7.1,3.55,3,1.5,2019
18753,67.84986,16.962465,14,3.5,2019
18756,29.9823,9.9941,7,2.3333333333333335,2019
18785,13.357,6.6785,4,2,2019
18860,16.3,4.075,11,2.75,2019
85010,15.8967,5.2989,7,2.3333333333333335,2019
85015,24,24,3,3,2019
85125,121.915,20.319166666666668,124,20.666666666666668,2019
85136,6.5,6.5,3,3,2019
85139,85.88223,28.62741,18,6,2019
85162,42.758656,7.126442666666667,27,4.5,2019
85225,67.45,16.8625,16,4,2019
85230,2,2,2,2,2019
85250,46.864,23.432,69,34.5,2019
85263,14.2,4.733333333333333,5,1.6666666666666667,2019
85279,25.85,12.925,7,3.5,2019
85300,7.93,3.965,2,1,2019
85315,38.4,19.2,11,5.5,2019
85325,40.6,40.6,5,5,2019
85400,32.15,32.15,13,13,2019
85410,103.75,25.9375,20,5,2019
85430,27.7,9.233333333333334,5,1.6666666666666667,2019
85440,22,11,7,3.5,2019
85001,392.87834782,78.575669564,49,9.8,2019
19022,14,4.666666666666667,5,1.6666666666666667,2019
19050,83.1,41.55,14,7,2019
19075,13.5,13.5,4,4,2019
19100,20.1,6.7,5,1.6666666666666667,2019
19130,21.2,10.6,7,3.5,2019
19137,24.04975,12.024875,10,5,2019
19142,115.82015,23.16403,18,3.6,2019
19212,17.0613,5.6871,6,2,2019
19256,6,2,4,1.3333333333333333,2019
19290,33,33,5,5,2019
19300,31.65,15.825,5,2.5,2019
19318,9.7,3.2333333333333334,5,1.6666666666666667,2019
19355,56.5,18.833333333333332,11,3.6666666666666665,2019
19392,53.5,13.375,12,3,2019
19397,6.5,6.5,3,3,2019
19450,18.093,9.0465,4,2,2019
19455,43.5,43.5,12,12,2019
19473,15.509,5.169666666666667,6,2,2019
19513,8,2.6666666666666665,3,1,2019
19517,0.3,0.15,2,1,2019
19532,38.98,9.745,14,3.5,2019
19533,43.716353,21.8581765,15,7.5,2019
19548,125.8,25.16,19,3.8,2019
19001,403.031649,80.6063298,40,8,2019
19573,48.5899,9.71798,16,3.2,2019
19585,15.98,5.326666666666667,4,1.3333333333333333,2019
19622,5,2.5,4,2,2019
19693,2.09,1.045,2,1,2019
19701,2.22,2.22,1,1,2019
19698,95.307,31.769,10,3.3333333333333335,2019
19743,131.739095,26.347819,30,6,2019
19780,4.825,1.6083333333333332,3,1,2019
19785,8.284348,4.142174,4,2,2019
19807,31.5,5.25,13,2.1666666666666665,2019
19809,47.2,11.8,10,2.5,2019
19821,27,9,7,2.3333333333333335,2019
19824,15,15,2,2,2019
19845,66.4,33.2,3,1.5,2019
20011,312.04,62.408,24,4.8,2019
20013,60.080919,15.02022975,18,4.5,2019
20032,5,5,1,1,2019
20045,103.831177,25.95779425,19,4.75,2019
20060,110.7,27.675,14,3.5,2019
20175,21.4,10.7,7,3.5,2019
20178,55.880017,27.9400085,8,4,2019
20228,75.53,25.17666666666667,12,4,2019
20238,15.45,7.725,5,2.5,2019
20250,16.2,3.24,6,1.2,2019
20383,108.73825,21.74765,13,2.6,2019
20400,120.15,60.075,13,6.5,2019
20621,43.65,43.65,9,9,2019
20443,20,10,3,1.5,2019
20550,25.35,8.45,7,2.3333333333333335,2019
20570,33.05,16.525,5,2.5,2019
20710,0.1,0.1,1,1,2019
20750,61.7645,20.58816666666667,12,4,2019
20770,5.8,5.8,1,1,2019
20787,7.3609,7.3609,3,3,2019
20001,631.584841,126.3169682,20,4,2019
27006,67.125,22.375,6,2,2019
27025,11.2,5.6,2,1,2019
27050,75.25,37.625,5,2.5,2019
27073,78.3,26.1,12,4,2019
27075,74.2,37.1,10,5,2019
27077,5,2.5,3,1.5,2019
27099,41.5,41.5,5,5,2019
27150,84.512,21.128,12,3,2019
27160,27,13.5,3,1.5,2019
27205,113.5,37.833333333333336,13,4.333333333333333,2019
27135,6,6,1,1,2019
27150,67.01,11.168333333333335,22,3.6666666666666665,2019
27250,8.75,8.75,1,1,2019
27372,28.47,28.47,4,4,2019
27413,73.073836,36.536918,9,4.5,2019
27425,1,1,2,2,2019
27430,12.7,6.35,2,1,2019
27450,97.152,24.288,9,2.25,2019
27491,58,29,7,3.5,2019
27495,25.401591,12.7007955,3,1.5,2019
27001,144,36,10,2.5,2019
27600,10.8,3.6,3,1,2019
27615,7.5,2.5,3,1,2019
27660,0.4,0.2,2,1,2019
27745,70.3,23.433333333333334,8,2.6666666666666665,2019
27787,0.5,0.5,1,1,2019
27800,113.048,56.524,18,9,2019
27810,80.640436,40.320218,5,2.5,2019
23068,17.4,5.8,5,1.6666666666666667,2019
23079,6.5,6.5,2,2,2019
23090,1,1,1,1,2019
23162,35,35,1,1,2019
23168,1.2,0.6,2,1,2019
23182,11,11,2,2,2019
23189,0.1,0.1,1,1,2019
23300,25.2,12.6,5,2.5,2019
23350,1.5,1.5,1,1,2019
23417,135.185,67.5925,12,6,2019
23419,0.5,0.5,1,1,2019
23464,11.55,2.8875,5,1.25,2019
23466,160.45795,40.1144875,32,8,2019
23001,757.6,378.8,23,11.5,2019
23500,0,0,1,1,2019
23555,96.958,32.31933333333333,63,21,2019
23570,0.3,0.3,1,1,2019
23574,25.4,8.466666666666667,4,1.3333333333333333,2019
23580,74.64,24.88,9,3,2019
23586,10,10,2,2,2019
23660,202.5282,33.7547,23,3.8333333333333335,2019
23670,111.55,27.8875,18,4.5,2019
23672,0.2,0.2,1,1,2019
23675,60.9,15.225,11,2.75,2019
23678,10.55,5.275,5,2.5,2019
23686,62.458841,15.61471025,19,4.75,2019
23807,181.934706,90.967353,4,2,2019
23815,47.75,11.9375,9,2.25,2019
23855,111.3,37.1,14,4.666666666666667,2019
25001,24,24,4,4,2019
25019,0.3,0.3,1,1,2019
25035,5.28,1.76,5,1.6666666666666667,2019
25040,4.8,2.4,5,2.5,2019
25053,59.2666,14.81665,25,6.25,2019
25086,0.075,0.075,1,1,2019
25099,17.875,17.875,14,14,2019
25120,0.1,0.1,1,1,2019
25123,5.95,5.95,1,1,2019
25126,42.099184,10.524796,7,1.75,2019
25148,38.835,19.4175,10,5,2019
25151,5.7,2.85,4,2,2019
25168,6.76,1.69,8,2,2019
25175,310.95567,44.42223857142857,51,7.285714285714286,2019
25178,12.5,6.25,3,1.5,2019
25181,19.5,19.5,5,5,2019
25183,12.2,12.2,2,2,2019
25200,9.78,3.26,5,1.6666666666666667,2019
25214,296.599,98.86633333333333,31,10.333333333333334,2019
25224,9.017746,9.017746,3,3,2019
25245,13.504952,4.501650666666667,8,2.6666666666666665,2019
25258,1.2,1.2,1,1,2019
25260,10,10,1,1,2019
25269,60.28932,10.04822,30,5,2019
25279,30.3,10.1,5,1.6666666666666667,2019
25286,131.776,65.888,12,6,2019
25288,7.5,3.75,5,2.5,2019
25290,589.162679,84.166097,52,7.428571428571429,2019
25293,0.5,0.5,1,1,2019
25295,2,1,3,1.5,2019
25297,0.15,0.15,1,1,2019
25307,580.1955,96.69925,78,13,2019
25312,3.7,1.85,5,2.5,2019
25317,20,20,4,4,2019
25320,65.028,16.257,16,4,2019
25322,8.7,4.35,3,1.5,2019
25324,14.9,7.45,6,3,2019
25328,5,5,1,1,2019
25339,4.6218,4.6218,4,4,2019
25368,0.1,0.1,1,1,2019
25372,23,23,2,2,2019
25377,88.7366,22.18415,31,7.75,2019
25386,12.08,3.02,6,1.5,2019
25394,8.35035,2.78345,3,1,2019
25402,40.2,13.4,5,1.6666666666666667,2019
25407,2.5,2.5,2,2,2019
25426,0.5,0.5,1,1,2019
25430,163.702967,32.7405934,19,3.8,2019
25436,25.725,25.725,3,3,2019
25473,31.5,10.5,3,1,2019
25483,1.57,1.57,1,1,2019
25486,14.8,7.4,4,2,2019
25488,35.305,17.6525,17,8.5,2019
25489,9,9,2,2,2019
25491,13.824,13.824,1,1,2019
25513,48.55,6.935714285714285,18,2.5714285714285716,2019
25518,0.5,0.5,1,1,2019
25524,6.16,3.08,6,3,2019
25530,19.157,9.5785,10,5,2019
25535,28.378542,28.378542,12,12,2019
25580,7,7,3,3,2019
25592,5,5,1,1,2019
25594,0.25,0.25,1,1,2019
25596,0.5,0.5,1,1,2019
25612,2.68,2.68,3,3,2019
25649,9,9,3,3,2019
25653,6.6,6.6,2,2,2019
25658,16.758696,5.586232,11,3.6666666666666665,2019
25662,11.2,11.2,2,2,2019
25736,21.061,7.020333333333333,25,8.333333333333334,2019
25740,118.505,39.501666666666665,26,8.666666666666666,2019
25754,416.463838,138.82127933333334,19,6.333333333333333,2019
25758,48.1,12.025,10,2.5,2019
25769,5.209224,5.209224,5,5,2019
25772,0.2,0.2,1,1,2019
25779,11,5.5,4,2,2019
25785,19.268,3.8536,23,4.6,2019
25793,0.2,0.2,1,1,2019
25797,4.65,4.65,1,1,2019
25799,69.68,23.226666666666667,17,5.666666666666667,2019
25805,0.1,0.1,1,1,2019
25815,7.3,3.65,4,2,2019
25817,236.295014,47.2590028,33,6.6,2019
25823,36.162,18.081,5,2.5,2019
25839,42,42,7,7,2019
25841,17,17,5,5,2019
25843,31.216,6.2432,15,3,2019
25851,12.35,6.175,3,1.5,2019
25506,0.343,0.1715,2,1,2019
25867,44.279152,14.759717333333334,34,11.333333333333334,2019
25871,12.98,4.326666666666667,8,2.6666666666666665,2019
25873,5.95,2.975,4,2,2019
25875,31,15.5,5,2.5,2019
25878,12.195,12.195,5,5,2019
25885,25,25,2,2,2019
25898,19.269067,9.6345335,7,3.5,2019
25899,177.957848,35.5915696,64,12.8,2019
94001,94.7292,23.6823,41,10.25,2019
95015,58.658047,29.3290235,13,6.5,2019
95025,94.39,47.195,15,7.5,2019
95200,1,1,1,1,2019
95001,50.45,12.6125,11,2.75,2019
41006,3.2,1.6,2,1,2019
41013,27.77265,27.77265,3,3,2019
41016,40,40,16,16,2019
41020,0.4,0.4,1,1,2019
41026,4.4,1.4666666666666668,3,1,2019
41078,0.3,0.15,2,1,2019
41132,15.4,3.85,4,1,2019
41298,98.8653,32.9551,5,1.6666666666666667,2019
41306,92.247886,23.0619715,11,2.75,2019
41319,30.3,10.1,6,2,2019
41349,5.7,5.7,1,1,2019
41357,4.75,1.5833333333333333,3,1,2019
41359,43.35,10.8375,10,2.5,2019
41378,20.222,10.111,5,2.5,2019
41396,1.6,0.4,5,1.25,2019
41483,17.5,5.833333333333333,6,2,2019
41001,404.03747,57.719638571428575,20,2.857142857142857,2019
41503,11.5,11.5,2,2,2019
41518,1.7,0.85,6,3,2019
41524,49.9368,24.9684,4,2,2019
41530,1.4,0.4666666666666667,3,1,2019
41548,2.7886,1.3943,4,2,2019
41551,34.33136,11.443786666666666,14,4.666666666666667,2019
41615,0.25,0.25,1,1,2019
41660,14.2,7.1,3,1.5,2019
41668,1.81,0.6033333333333334,3,1,2019
41676,16.945,8.4725,4,2,2019
41770,25.573,8.524333333333335,8,2.6666666666666665,2019
41791,6.3,3.15,6,3,2019
41797,12.75,6.375,5,2.5,2019
41807,0.15,0.15,1,1,2019
41872,5.65,5.65,5,5,2019
41885,1.575,0.7875,2,1,2019
44035,62.4,15.6,7,1.75,2019
44078,43,10.75,9,2.25,2019
44090,56.3,11.26,10,2,2019
44098,38,19,5,2.5,2019
44110,1,1,1,1,2019
44279,172.15,43.0375,17,4.25,2019
44378,59,29.5,12,6,2019
44420,27.3,27.3,4,4,2019
44430,392.8012,78.56024,21,4.2,2019
44560,199.91,66.63666666666667,17,5.666666666666667,2019
44001,371.4485,46.4310625,37,4.625,2019
44650,71.45,35.725,2,1,2019
44847,589.683332,196.56111066666665,45,15,2019
44855,31,31,5,5,2019
44874,123.58,41.193333333333335,9,3,2019
47030,11,5.5,2,1,2019
47053,33.1,33.1,3,3,2019
47058,66.6,13.32,15,3,2019
47161,0.25,0.25,1,1,2019
47170,64.5,21.5,12,4,2019
47189,190.72,31.78666666666667,11,1.8333333333333333,2019
47245,134.7833,44.92776666666666,14,4.666666666666667,2019
47258,20.1,6.7,3,1,2019
47268,19.075,6.358333333333333,4,1.3333333333333333,2019
47288,101.42,20.284,19,3.8,2019
47318,29.1,7.275,6,1.5,2019
47460,1.2,0.6,2,1,2019
47541,3.5,1.75,3,1.5,2019
47545,30,30,4,4,2019
47551,44.5,22.25,10,5,2019
47555,21.55,5.3875,5,1.25,2019
47570,11.49761,3.8325366666666665,6,2,2019
47605,28,28,5,5,2019
47660,0.55,0.275,3,1.5,2019
47675,0.5,0.5,1,1,2019
47692,3,3,1,1,2019
47707,63.7,63.7,12,12,2019
47001,1510.225486,302.0450972,69,13.8,2019
47745,61.252648,15.313162,10,2.5,2019
47798,5.2,2.6,2,1,2019
47960,0.5,0.5,1,1,2019
47980,125.31,62.655,10,5,2019
50006,793.655112,198.413778,47,11.75,2019
50110,0.7,0.35,2,1,2019
50124,82,41,36,18,2019
50150,11,5.5,6,3,2019
50223,94.309267,18.861853399999998,27,5.4,2019
50226,44.9606,8.99212,15,3,2019
50251,15.9,5.3,6,2,2019
50270,4.7,4.7,2,2,2019
50287,29.475,14.7375,19,9.5,2019
50313,524.05596,131.01399,91,22.75,2019
50318,71.4,71.4,7,7,2019
50350,1.2,0.6,3,1.5,2019
50400,6.7,2.2333333333333334,3,1,2019
50325,73.05,18.2625,9,2.25,2019
50330,67.855,22.618333333333332,12,4,2019
50568,301.172644,100.39088133333333,31,10.333333333333334,2019
50577,1.21,0.4033333333333333,3,1,2019
50573,104.43,17.405,20,3.3333333333333335,2019
50590,65.4,21.8,53,17.666666666666668,2019
50606,62.1,20.7,8,2.6666666666666665,2019
50680,61.31,30.655,7,3.5,2019
50683,9.839,9.839,4,4,2019
50686,1.65,0.825,3,1.5,2019
50689,47.4995,15.833166666666665,13,4.333333333333333,2019
50370,56.88,28.44,3,1.5,2019
50001,2001.704838,250.21310475,329,41.125,2019
50711,34.12805,8.5320125,7,1.75,2019
52019,12,12,2,2,2019
52022,7.5,7.5,4,4,2019
52036,18,18,5,5,2019
52051,10.5,10.5,2,2,2019
52079,4.5,4.5,3,3,2019
52083,1,1,1,1,2019
52110,15.2,5.066666666666667,8,2.6666666666666665,2019
52240,9.5,9.5,1,1,2019
52203,1.5,1.5,1,1,2019
52207,8.1,4.05,3,1.5,2019
52210,6.97,3.485,2,1,2019
52224,7.8,7.8,4,4,2019
52227,4,4,2,2,2019
52233,2.4,2.4,1,1,2019
52250,18.9,4.725,9,2.25,2019
52254,13.6,6.8,3,1.5,2019
52256,20.8,10.4,5,2.5,2019
52520,62.987,20.99566666666667,16,5.333333333333333,2019
52287,0.5,0.5,1,1,2019
52317,17.312937,5.770979,4,1.3333333333333333,2019
52320,1.1,0.3666666666666667,3,1,2019
52352,0.4,0.4,2,2,2019
52354,15,15,2,2,2019
52356,67.7,16.925,27,6.75,2019
52378,4,2,2,1,2019
52381,1.2,1.2,1,1,2019
52385,9.2,4.6,2,1,2019
52399,0.2,0.2,1,1,2019
52405,17.1,17.1,4,4,2019
52411,0.2,0.2,1,1,2019
52418,19.4,9.7,7,3.5,2019
52427,53.87,26.935,9,4.5,2019
52435,6.6,1.65,5,1.25,2019
52473,40,40,4,4,2019
52480,1.2,1.2,2,2,2019
52490,22.3,11.15,3,1.5,2019
52506,11.1,5.55,4,2,2019
52001,363.2788825,60.54648041666666,57,9.5,2019
52540,1,1,1,1,2019
52560,0.9,0.45,2,1,2019
52565,21,21,2,2,2019
52573,0.2,0.2,1,1,2019
52585,1.84,1.84,3,3,2019
52612,30.48,7.62,15,3.75,2019
52621,102.5,34.166666666666664,18,6,2019
52678,0.3,0.15,2,1,2019
52685,0.3,0.15,2,1,2019
52687,0.6,0.3,2,1,2019
52693,42.55,21.275,13,6.5,2019
52683,10.1,5.05,2,1,2019
52696,46.7,23.35,5,2.5,2019
52699,12.6,12.6,4,4,2019
52720,6,6,1,1,2019
52786,21.799464,10.899732,2,1,2019
52788,15,15,2,2,2019
52835,603.831641,100.63860683333333,96,16,2019
52838,30.1,10.033333333333333,6,2,2019
52885,1.1,0.55,3,1.5,2019
54003,25.5,8.5,3,1,2019
54099,2.65,2.65,2,2,2019
54128,22.1,22.1,8,8,2019
54125,22.8,22.8,2,2,2019
54172,33,16.5,4,2,2019
54174,0.1,0.1,1,1,2019
54206,5,5,2,2,2019
54001,362.771517,51.82450242857143,65,9.285714285714286,2019
54245,14.3,7.15,4,2,2019
54250,11,5.5,2,1,2019
54261,33.2,11.066666666666666,11,3.6666666666666665,2019
54398,0.2,0.2,1,1,2019
54377,7,7,1,1,2019
54405,90.4,45.2,10,5,2019
54418,0.2,0.2,1,1,2019
54480,0.3,0.15,2,1,2019
54498,43.8,10.95,12,3,2019
54518,141.62822,47.209406666666666,16,5.333333333333333,2019
54553,20,20,2,2,2019
54660,15,15,2,2,2019
54670,0.6,0.6,1,1,2019
54673,6.5,3.25,2,1,2019
54680,12,6,3,1.5,2019
54720,9.75,9.75,2,2,2019
54743,0.2,0.2,2,2,2019
54800,35.15,17.575,5,2.5,2019
54810,88.4,44.2,7,3.5,2019
54820,15,15,3,3,2019
54874,84.5227422,21.13068555,10,2.5,2019
86219,1,0.5,2,1,2019
86001,132.650901,22.1084835,39,6.5,2019
86320,8.48,2.8266666666666667,4,1.3333333333333333,2019
86568,383.895088,42.65500977777778,56,6.222222222222222,2019
86569,19.054348,6.351449333333333,10,3.3333333333333335,2019
86571,61.15,30.575,9,4.5,2019
86573,10.45,3.4833333333333334,4,1.3333333333333333,2019
86755,9.5,2.375,6,1.5,2019
86757,0.9,0.3,3,1,2019
86760,0.65,0.21666666666666665,3,1,2019
86749,2.3,2.3,2,2,2019
86865,84.822,28.274,14,4.666666666666667,2019
86885,83.2,41.6,9,4.5,2019
63001,637.98511800000006,106.330853,152,25.333333333333332,2019
63130,34.305,8.57625,14,3.5,2019
63190,21.32,5.33,8,2,2019
63272,20.965,5.24125,5,1.25,2019
63302,10,10,1,1,2019
63401,15.088,7.544,2,1,2019
63470,14.792642,3.6981605,9,2.25,2019
63548,2,2,2,2,2019
63594,40.6,13.533333333333333,19,6.333333333333333,2019
66045,9.5,9.5,1,1,2019
66075,3.15,1.05,3,1,2019
66088,21.9,7.3,9,3,2019
66170,356.22,89.055,42,10.5,2019
66383,8.4,8.4,2,2,2019
66400,25.10197,5.020394,14,2.8,2019
66440,0.6,0.3,2,1,2019
66456,27,27,2,2,2019
66001,851.488494,121.64121342857143,143,20.428571428571427,2019
66572,35.8,17.9,9,4.5,2019
66594,0.95,0.475,2,1,2019
66682,109.472,18.24533333333333,15,2.5,2019
66687,12.303416,6.151708,7,3.5,2019
88564,48.756100000000004,24.378050000000002,8,4,2019
68013,2.75,1.375,3,1.5,2019
68020,1.5,1.5,2,2,2019
68077,8.536,4.268,9,4.5,2019
68079,0.5,0.5,1,1,2019
68081,310.192333,77.54808325,32,8,2019
68001,1143.306988,163.3295697142857,95,13.571428571428571,2019
68121,1,1,1,1,2019
68147,2.66,2.66,6,6,2019
68160,1.2,0.6,2,1,2019
68162,2,1,3,1.5,2019
68176,0.6,0.3,2,1,2019
68190,97.129,32.376333333333335,20,6.666666666666667,2019
68207,8.1,4.05,8,4,2019
68211,4.5,2.25,2,1,2019
68229,0.1,0.1,1,1,2019
68235,11.5,5.75,2,1,2019
68245,28.451147,14.2255735,5,2.5,2019
68250,0.8,0.8,1,1,2019
68264,0.1,0.1,1,1,2019
68276,779.64182,111.37740285714285,48,6.857142857142857,2019
68296,0.3,0.15,3,1.5,2019
68298,0.4,0.2,2,1,2019
68307,317.3,158.65,4,2,2019
68318,0.1,0.1,1,1,2019
68320,33.7,33.7,13,13,2019
68327,0.5,0.5,1,1,2019
68344,0.25,0.25,1,1,2019
68368,2.95,1.475,4,2,2019
68370,0.1,0.1,1,1,2019
68377,20.1,20.1,3,3,2019
68397,1.88076,1.88076,1,1,2019
68385,3,3,1,1,2019
68406,2.05,1.025,2,1,2019
68418,10.372704,10.372704,3,3,2019
68425,4.665,2.3325,8,4,2019
68432,0.07,0.07,1,1,2019
68444,25.695,8.565,7,2.3333333333333335,2019
68464,1.2,1.2,3,3,2019
68468,0.4,0.2,2,1,2019
68498,10.7,5.35,6,3,2019
68500,46,23,13,6.5,2019
68502,43.6,43.6,7,7,2019
68533,12,12,6,6,2019
68547,227.302702,56.8256755,36,9,2019
68573,4.340444,0.8680888,13,2.6,2019
68575,55.8,13.95,15,3.75,2019
68615,84.95,28.316666666666666,14,4.666666666666667,2019
68655,94.374,18.8748,42,8.4,2019
68669,32.559,10.853,10,3.3333333333333335,2019
68679,123.510499,41.170166333333334,9,3,2019
68682,0.1,0.1,1,1,2019
68684,0.5,0.5,1,1,2019
68705,1,1,2,2,2019
68720,0.6,0.2,3,1,2019
68745,7.675,2.5583333333333336,6,2,2019
68755,36.73,12.243333333333334,21,7,2019
68770,5.25,5.25,3,3,2019
68855,0.175,0.0875,2,1,2019
68867,3,3,1,1,2019
70110,0.5,0.5,1,1,2019
70124,70,35,5,2.5,2019
70230,7.6,2.5333333333333337,3,1,2019
70204,2.8,2.8,2,2,2019
70215,149.506232,37.376558,21,5.25,2019
70221,78.410603,19.60265075,14,3.5,2019
70235,38.1,19.05,9,4.5,2019
70265,10.2,5.1,3,1.5,2019
70400,14,14,3,3,2019
70418,51.05,25.525,6,3,2019
70429,58.7705,19.59016666666667,8,2.6666666666666665,2019
70473,3,3,1,1,2019
70508,0.25,0.125,2,1,2019
70523,14.425,7.2125,6,3,2019
70670,25.8,6.45,7,1.75,2019
70678,62.8,15.7,9,2.25,2019
70702,5.75,1.4375,4,1,2019
70708,114.65,114.65,11,11,2019
70713,45.2,22.6,4,2,2019
70717,27.88,27.88,3,3,2019
70742,36.1,18.05,4,2,2019
70001,522.798832,104.5597664,33,6.6,2019
70771,3,1.5,3,1.5,2019
70820,26.677888,8.892629333333334,7,2.3333333333333335,2019
70823,70.85,70.85,7,7,2019
73024,1.5,0.75,2,1,2019
73026,36.5,36.5,5,5,2019
73043,4.75,1.5833333333333333,4,1.3333333333333333,2019
73055,4,2,3,1.5,2019
73067,18,18,4,4,2019
73124,2.18,1.09,2,1,2019
73148,100.6,50.3,2,1,2019
73152,73.549,36.7745,5,2.5,2019
73168,173.5,57.833333333333336,18,6,2019
73200,5.2,5.2,3,3,2019
73217,41.2,13.733333333333334,9,3,2019
73226,10.2,5.1,2,1,2019
73236,6,6,3,3,2019
73268,198.416361,39.683272200000005,63,12.6,2019
73270,51.68,51.68,9,9,2019
73275,51.2,17.066666666666666,7,2.3333333333333335,2019
73283,33.8,11.266666666666666,10,3.3333333333333335,2019
73319,110.41,18.401666666666667,19,3.1666666666666665,2019
73347,20.55,6.85,8,2.6666666666666665,2019
73349,8,2.6666666666666665,3,1,2019
73001,732.515717,81.39063522222223,87,9.666666666666666,2019
73352,110.2,55.1,29,14.5,2019
73408,130.57227,32.6430675,13,3.25,2019
73411,75.2,25.066666666666666,5,1.6666666666666667,2019
73443,13.0523,4.350766666666667,15,5,2019
73449,65.59,32.795,7,3.5,2019
73461,11.239,5.6195,4,2,2019
73483,9.5,4.75,4,2,2019
73504,80.76,26.92,15,5,2019
73520,10,10,1,1,2019
73547,2.3,1.15,5,2.5,2019
73555,2,1,2,1,2019
73563,3.5,3.5,1,1,2019
73585,36.52,18.26,9,4.5,2019
73616,41,13.666666666666666,8,2.6666666666666665,2019
73622,0.25,0.25,1,1,2019
73624,7.975,3.9875,4,2,2019
73671,27.5,13.75,6,3,2019
73675,6,6,4,4,2019
73686,14.161071,7.0805355,5,2.5,2019
73770,20.489195,6.8297316666666665,11,3.6666666666666665,2019
73854,55.0553,55.0553,8,8,2019
73861,11.637,5.8185,7,3.5,2019
73870,43,21.5,5,2.5,2019
73873,0.55,0.55,1,1,2019
76036,3.663,3.663,1,1,2019
76109,442.99,73.83166666666668,25,4.166666666666667,2019
76111,251.398,83.79933333333332,23,7.666666666666667,2019
76113,2.1,0.7,5,1.6666666666666667,2019
76122,1,1,1,1,2019
76001,2466.381404,411.0635673333333,209,34.833333333333336,2019
76126,45.337208,11.334302,18,4.5,2019
76130,216.0959,36.01598333333334,33,5.5,2019
76147,107.679211,26.91980275,26,6.5,2019
76233,25.90104,8.63368,10,3.3333333333333335,2019
76243,10.428116,5.214058,3,1.5,2019
76246,5.35,1.3375,6,1.5,2019
76248,5.6,1.8666666666666667,4,1.3333333333333333,2019
76250,3.75,1.875,4,2,2019
76275,148.42,29.684,21,4.2,2019
76306,0.45,0.45,2,2,2019
76318,44.144,11.036,8,2,2019
76364,330.992081,66.1984162,33,6.6,2019
76400,67.125,22.375,12,4,2019
76403,18.2,9.1,6,3,2019
76497,1.9,0.95,3,1.5,2019
76520,404.890823,80.9781646,49,9.8,2019
76563,176.58,44.145,34,8.5,2019
76616,6.4,1.28,6,1.2,2019
76670,10,5,10,5,2019
76736,4.73,1.1825,8,2,2019
76823,40.2,20.1,2,1,2019
76828,2.5952,2.5952,2,2,2019
76834,278.956,69.739,44,11,2019
76863,7.6,3.8,6,3,2019
76869,0.3,0.3,2,2,2019
76890,32.5,16.25,9,4.5,2019
76892,239.022,47.8044,24,4.8,2019
76895,10.8,3.6,3,1,2019
97161,0.3,0.15,2,1,2019
97001,40.3,13.433333333333334,5,1.6666666666666667,2019
97666,0.8,0.8,1,1,2019
99773,34.9,11.633333333333335,6,2,2019
99524,46.9301,15.643366666666665,16,5.333333333333333,2019
99001,18.5,6.166666666666667,8,2.6666666666666665,2019
99624,15.4,7.7,8,4,2019
