,,amount,amount,no_of_donors,no_of_donors
,,sum,mean,sum,mean
dpto,mpio,,,,
AMAZONAS,LETICIA,13000000.0,13000000.0,2,2.0
AMAZONAS,PUERTO NARIÑO,3050000.0,1525000.0,2,1.0
ANTIOQUIA,ABEJORRAL,59500000.0,19833333.333333332,9,3.0
ANTIOQUIA,AMAGA,15000000.0,15000000.0,3,3.0
ANTIOQUIA,AMALFI,65904879.0,32952439.5,17,8.5
ANTIOQUIA,ANDES,20000000.0,20000000.0,2,2.0
ANTIOQUIA,ANGOSTURA,16300000.0,16300000.0,6,6.0
ANTIOQUIA,ANORI,44000000.0,44000000.0,8,8.0
ANTIOQUIA,ANTIOQUIA,9150000.0,2287500.0,6,1.5
ANTIOQUIA,APARTADO,808846526.0,134807754.33333334,74,12.333333333333334
ANTIOQUIA,ARBOLETES,136235181.0,68117590.5,19,9.5
ANTIOQUIA,ARGELIA,6800000.0,6800000.0,3,3.0
ANTIOQUIA,ARMENIA,2900000.0,2900000.0,1,1.0
ANTIOQUIA,BARBOSA,1700000.0,1700000.0,1,1.0
ANTIOQUIA,BELLO,552076500.0,276038250.0,18,9.0
ANTIOQUIA,BELMIRA,17000000.0,8500000.0,3,1.5
ANTIOQUIA,BETULIA,27028000.0,13514000.0,34,17.0
ANTIOQUIA,BOLIVAR,66767500.0,33383750.0,10,5.0
ANTIOQUIA,BURITICA,5100000.0,2550000.0,5,2.5
ANTIOQUIA,CACERES,22500000.0,11250000.0,3,1.5
ANTIOQUIA,CAICEDO,5000000.0,5000000.0,1,1.0
ANTIOQUIA,CALDAS,71812172.0,17953043.0,12,3.0
ANTIOQUIA,CAMPAMENTO,3000000.0,3000000.0,1,1.0
ANTIOQUIA,CARACOLI,4824400.0,4824400.0,3,3.0
ANTIOQUIA,CARAMANTA,19000000.0,9500000.0,2,1.0
ANTIOQUIA,CAREPA,142638095.0,47546031.666666664,19,6.333333333333333
ANTIOQUIA,CARMEN DE VIBORAL,10800000.0,10800000.0,7,7.0
ANTIOQUIA,CAROLINA,21760000.0,10880000.0,5,2.5
ANTIOQUIA,CAUCASIA,3000000.0,3000000.0,1,1.0
ANTIOQUIA,CHIGORODO,96100000.0,48050000.0,4,2.0
ANTIOQUIA,CISNEROS,16000000.0,8000000.0,4,2.0
ANTIOQUIA,COCORNA,3300000.0,3300000.0,3,3.0
ANTIOQUIA,CONCEPCION,1000000.0,1000000.0,1,1.0
ANTIOQUIA,COPACABANA,365701034.0,182850517.0,27,13.5
ANTIOQUIA,DABEIBA,9000000.0,9000000.0,1,1.0
ANTIOQUIA,DON MATIAS,23000000.0,11500000.0,4,2.0
ANTIOQUIA,EBEJICO,28000000.0,28000000.0,7,7.0
ANTIOQUIA,EL BAGRE,108000000.0,108000000.0,5,5.0
ANTIOQUIA,EL SANTUARIO,24000000.0,24000000.0,3,3.0
ANTIOQUIA,ENTRERRIOS,19750000.0,9875000.0,7,3.5
ANTIOQUIA,ENVIGADO,153750000.0,51250000.0,19,6.333333333333333
ANTIOQUIA,FREDONIA,33320000.0,8330000.0,30,7.5
ANTIOQUIA,FRONTINO,10000000.0,10000000.0,2,2.0
ANTIOQUIA,GIRARDOTA,163316200.0,54438733.333333336,17,5.666666666666667
ANTIOQUIA,GOMEZ PLATA,22010000.0,22010000.0,18,18.0
ANTIOQUIA,GRANADA,22500000.0,11250000.0,4,2.0
ANTIOQUIA,GUADALUPE,10000000.0,5000000.0,3,1.5
ANTIOQUIA,GUARNE,17131328.0,4282832.0,5,1.25
ANTIOQUIA,GUATAPE,46300000.0,23150000.0,23,11.5
ANTIOQUIA,HISPANIA,500000.0,500000.0,1,1.0
ANTIOQUIA,ITAGUI,212468000.0,70822666.66666667,14,4.666666666666667
ANTIOQUIA,ITUANGO,29459000.0,14729500.0,27,13.5
ANTIOQUIA,JERICO,21050000.0,10525000.0,9,4.5
ANTIOQUIA,LA CEJA,33798100.0,33798100.0,16,16.0
ANTIOQUIA,LA ESTRELLA,3569000.0,3569000.0,4,4.0
ANTIOQUIA,LA PINTADA,400000.0,400000.0,1,1.0
ANTIOQUIA,LIBORINA,10000000.0,10000000.0,1,1.0
ANTIOQUIA,MARINILLA,53000000.0,17666666.666666668,8,2.6666666666666665
ANTIOQUIA,MEDELLIN,2990565298.0,498427549.6666667,217,36.166666666666664
ANTIOQUIA,MURINDO,54988000.0,54988000.0,3,3.0
ANTIOQUIA,NECHI,44500000.0,44500000.0,21,21.0
ANTIOQUIA,NECOCLI,215109288.0,43021857.6,31,6.2
ANTIOQUIA,OLAYA,7420000.0,7420000.0,2,2.0
ANTIOQUIA,PEQUE,50690000.0,25345000.0,8,4.0
ANTIOQUIA,PEÑOL,18775559.0,6258519.666666667,5,1.6666666666666667
ANTIOQUIA,PUERTO BERRIO,44020000.0,22010000.0,14,7.0
ANTIOQUIA,PUERTO NARE LA MAGDALENA,113650000.0,56825000.0,14,7.0
ANTIOQUIA,PUERTO TRIUNFO,32820000.0,10940000.0,6,2.0
ANTIOQUIA,REMEDIOS,10746055.0,5373027.5,4,2.0
ANTIOQUIA,RETIRO,21400000.0,21400000.0,4,4.0
ANTIOQUIA,RIONEGRO,417355721.0,208677860.5,47,23.5
ANTIOQUIA,SABANALARGA,13500000.0,6750000.0,10,5.0
ANTIOQUIA,SABANETA,425400000.0,212700000.0,49,24.5
ANTIOQUIA,SALGAR,9400000.0,9400000.0,2,2.0
ANTIOQUIA,SAN CARLOS,36000000.0,18000000.0,5,2.5
ANTIOQUIA,SAN FRANCISCO,2100000.0,2100000.0,2,2.0
ANTIOQUIA,SAN JERONIMO,62400000.0,20800000.0,35,11.666666666666666
ANTIOQUIA,SAN JUAN DE URABA,39000000.0,39000000.0,6,6.0
ANTIOQUIA,SAN LUIS,16100000.0,5366666.666666667,7,2.3333333333333335
ANTIOQUIA,SAN PEDRO,27690000.0,9230000.0,12,4.0
ANTIOQUIA,SAN PEDRO DE URABA,46528000.0,15509333.333333334,6,2.0
ANTIOQUIA,SAN RAFAEL,10000000.0,10000000.0,2,2.0
ANTIOQUIA,SAN ROQUE,100000.0,100000.0,1,1.0
ANTIOQUIA,SAN VICENTE,78756560.0,39378280.0,7,3.5
ANTIOQUIA,SANTA ROSA DE OSOS,36950000.0,12316666.666666666,14,4.666666666666667
ANTIOQUIA,SEGOVIA,96300000.0,48150000.0,23,11.5
ANTIOQUIA,SONSON,79095000.0,39547500.0,9,4.5
ANTIOQUIA,SOPETRAN,11200000.0,3733333.3333333335,6,2.0
ANTIOQUIA,TAMESIS,28000000.0,28000000.0,3,3.0
ANTIOQUIA,TARAZA,46680000.0,23340000.0,9,4.5
ANTIOQUIA,TITIRIBI,8115000.0,4057500.0,2,1.0
ANTIOQUIA,TOLEDO,3000000.0,3000000.0,1,1.0
ANTIOQUIA,TURBO,826950000.0,206737500.0,83,20.75
ANTIOQUIA,URAMITA,4990000.0,4990000.0,1,1.0
ANTIOQUIA,VALDIVIA,32870000.0,10956666.666666666,7,2.3333333333333335
ANTIOQUIA,VALPARAISO,55200000.0,18400000.0,12,4.0
ANTIOQUIA,VENECIA,62500000.0,31250000.0,13,6.5
ANTIOQUIA,VIGIA DEL FUERTE,72000000.0,36000000.0,9,4.5
ANTIOQUIA,YALI,2000000.0,2000000.0,1,1.0
ANTIOQUIA,YARUMAL,17100000.0,5700000.0,4,1.3333333333333333
ANTIOQUIA,YONDO CASABE,55454363.0,13863590.75,19,4.75
ANTIOQUIA,ZARAGOZA,44390000.0,22195000.0,8,4.0
ARAUCA,ARAUCA,659122736.0,219707578.66666666,25,8.333333333333334
ARAUCA,ARAUQUITA,53000000.0,26500000.0,5,2.5
ARAUCA,CRAVO NORTE,45000000.0,45000000.0,5,5.0
ARAUCA,FORTUL,34000000.0,17000000.0,8,4.0
ARAUCA,PUERTO RONDON,24000000.0,12000000.0,2,1.0
ARAUCA,SARAVENA,71141850.0,23713950.0,9,3.0
ARAUCA,TAME,62726000.0,15681500.0,8,2.0
ATLANTICO,BARANOA,82000000.0,41000000.0,7,3.5
ATLANTICO,BARRANQUILLA,78042900.0,39021450.0,5,2.5
ATLANTICO,CAMPO DE LA CRUZ,74400000.0,74400000.0,6,6.0
ATLANTICO,CANDELARIA,100000.0,100000.0,1,1.0
ATLANTICO,MALAMBO,122540000.0,30635000.0,14,3.5
ATLANTICO,MANATI,100000.0,100000.0,1,1.0
ATLANTICO,PALMAR DE VARELA,15956240.0,5318746.666666667,5,1.6666666666666667
ATLANTICO,PIOJO,5100000.0,2550000.0,2,1.0
ATLANTICO,POLONUEVO,46300000.0,23150000.0,6,3.0
ATLANTICO,PONEDERA,5000000.0,5000000.0,1,1.0
ATLANTICO,PUERTO COLOMBIA,67545000.0,22515000.0,12,4.0
ATLANTICO,REPELON,20000000.0,20000000.0,4,4.0
ATLANTICO,SABANALARGA,167287894.0,83643947.0,17,8.5
ATLANTICO,SANTA LUCIA,43500000.0,43500000.0,7,7.0
ATLANTICO,SANTO TOMAS,7450000.0,3725000.0,3,1.5
ATLANTICO,SOLEDAD,251780000.0,62945000.0,23,5.75
ATLANTICO,SUAN,9100000.0,4550000.0,2,1.0
ATLANTICO,TUBARA,7100000.0,7100000.0,3,3.0
ATLANTICO,USIACURI,3100000.0,1550000.0,2,1.0
BOGOTA D.C.,BOGOTA D.C.,8195627060.83,1024453382.60375,341,42.625
BOLIVAR,ACHI,36000000.0,36000000.0,4,4.0
BOLIVAR,ARJONA,40610000.0,10152500.0,4,1.0
BOLIVAR,BARRANCO DE LOBA,16000000.0,16000000.0,6,6.0
BOLIVAR,CANTAGALLO,148200000.0,37050000.0,16,4.0
BOLIVAR,CARTAGENA,2504376215.0,357768030.71428573,133,19.0
BOLIVAR,CLEMENCIA,3000000.0,3000000.0,1,1.0
BOLIVAR,CORDOBA,50000000.0,50000000.0,3,3.0
BOLIVAR,EL CARMEN DE BOLIVAR,128320000.0,64160000.0,17,8.5
BOLIVAR,EL PEÑON,8000000.0,8000000.0,1,1.0
BOLIVAR,HATILLO DE LOBA,8600000.0,8600000.0,1,1.0
BOLIVAR,MAGANGUE,324033574.0,81008393.5,24,6.0
BOLIVAR,MAHATES,325000000.0,325000000.0,3,3.0
BOLIVAR,MARIA LA BAJA,57600000.0,14400000.0,7,1.75
BOLIVAR,MORALES,16640000.0,8320000.0,3,1.5
BOLIVAR,PINILLOS,200000.0,200000.0,1,1.0
BOLIVAR,SAN ESTANISLAO,21000000.0,21000000.0,3,3.0
BOLIVAR,SAN JACINTO DEL CAUCA,58445000.0,58445000.0,8,8.0
BOLIVAR,SAN JUAN NEPOMUCENO,39252500.0,19626250.0,9,4.5
BOLIVAR,SAN MARTIN DE LOBA,27700000.0,27700000.0,3,3.0
BOLIVAR,SAN PABLO,60060000.0,15015000.0,10,2.5
BOLIVAR,SANTA CATALINA,9000000.0,9000000.0,1,1.0
BOLIVAR,SANTA ROSA,10000000.0,10000000.0,1,1.0
BOLIVAR,SANTA ROSA DEL SUR,35000000.0,35000000.0,9,9.0
BOLIVAR,SIMITI,8700840.0,4350420.0,4,2.0
BOLIVAR,TALAIGUA NUEVO,900000.0,450000.0,2,1.0
BOLIVAR,TIQUISIO (PTO. RICO),4000000.0,4000000.0,1,1.0
BOLIVAR,TURBACO,28153444.0,9384481.333333334,8,2.6666666666666665
BOLIVAR,TURBANA,29765000.0,14882500.0,5,2.5
BOLIVAR,VILLANUEVA,500000.0,500000.0,1,1.0
BOYACA,ALMEIDA,20000000.0,20000000.0,1,1.0
BOYACA,ARCABUCO,5400000.0,2700000.0,2,1.0
BOYACA,BETEITIVA,100000.0,100000.0,1,1.0
BOYACA,CAMPOHERMOSO,5000000.0,5000000.0,2,2.0
BOYACA,CHINAVITA,13200000.0,13200000.0,8,8.0
BOYACA,CHIVATA,16000000.0,8000000.0,4,2.0
BOYACA,COPER,100000.0,100000.0,1,1.0
BOYACA,CUCAITA,2500000.0,2500000.0,3,3.0
BOYACA,DUITAMA,60582300.0,20194100.0,7,2.3333333333333335
BOYACA,FIRAVITOBA,725000.0,725000.0,2,2.0
BOYACA,GARAGOA,12300000.0,6150000.0,4,2.0
BOYACA,GUATEQUE,1000000.0,1000000.0,1,1.0
BOYACA,JERICO,21000000.0,21000000.0,2,2.0
BOYACA,LA VICTORIA,13450000.0,6725000.0,3,1.5
BOYACA,LABRANZAGRANDE,4500000.0,4500000.0,4,4.0
BOYACA,MONGUA,15910024.0,15910024.0,2,2.0
BOYACA,NOBSA,21190000.0,10595000.0,15,7.5
BOYACA,OTANCHE,200000.0,200000.0,1,1.0
BOYACA,PAEZ,1000000.0,1000000.0,1,1.0
BOYACA,PAIPA,1000000.0,1000000.0,1,1.0
BOYACA,PANQUEBA,200000.0,200000.0,1,1.0
BOYACA,PAZ DE RIO,40000000.0,40000000.0,4,4.0
BOYACA,PUERTO BOYACA,16000000.0,8000000.0,5,2.5
BOYACA,SACHICA,300000.0,300000.0,1,1.0
BOYACA,SAN EDUARDO,200000.0,200000.0,1,1.0
BOYACA,SAN JOSE DE PARE,5000000.0,5000000.0,1,1.0
BOYACA,SAN LUIS DE GACENO,10191000.0,10191000.0,7,7.0
BOYACA,SAN MATEO,200000.0,200000.0,1,1.0
BOYACA,SANTANA,28799902.85,28799902.85,11,11.0
BOYACA,SATIVANORTE,1600000.0,1600000.0,1,1.0
BOYACA,SIACHOQUE,100000.0,100000.0,1,1.0
BOYACA,SOCHA,200000.0,200000.0,1,1.0
BOYACA,SOCOTA,54000000.0,54000000.0,1,1.0
BOYACA,SOGAMOSO,231431021.0,38571836.833333336,22,3.6666666666666665
BOYACA,SOTAQUIRA,9400000.0,9400000.0,1,1.0
BOYACA,SUTAMARCHAN,2200000.0,2200000.0,1,1.0
BOYACA,TIBANA,100000.0,100000.0,1,1.0
BOYACA,TOPAGA,300000.0,300000.0,1,1.0
BOYACA,TOTA,4000000.0,4000000.0,1,1.0
BOYACA,TUNJA,315331000.0,157665500.0,58,29.0
BOYACA,TUNUNGUA,11000000.0,11000000.0,3,3.0
BOYACA,VILLA DE LEIVA,19200000.0,6400000.0,16,5.333333333333333
BOYACA,VIRACACHA,5140000.0,2570000.0,4,2.0
CALDAS,AGUADAS,26700000.0,26700000.0,3,3.0
CALDAS,ANSERMA,5000000.0,5000000.0,1,1.0
CALDAS,ARANZAZU,7100000.0,7100000.0,1,1.0
CALDAS,BELALCAZAR,25800000.0,12900000.0,4,2.0
CALDAS,CHINCHINA,35100000.0,11700000.0,9,3.0
CALDAS,LA DORADA,242951868.0,80983956.0,22,7.333333333333333
CALDAS,MANIZALES,676796142.0,169199035.5,71,17.75
CALDAS,MANZANARES,51000000.0,25500000.0,12,6.0
CALDAS,MARMATO,3050000.0,3050000.0,1,1.0
CALDAS,MARQUETALIA,5500000.0,5500000.0,3,3.0
CALDAS,NEIRA,45920000.0,22960000.0,18,9.0
CALDAS,PACORA,10000000.0,10000000.0,1,1.0
CALDAS,RIOSUCIO,24718000.0,12359000.0,5,2.5
CALDAS,SALAMINA,14100000.0,7050000.0,3,1.5
CALDAS,SAMANA,19000000.0,19000000.0,2,2.0
CALDAS,SUPIA,29600000.0,14800000.0,6,3.0
CALDAS,VILLAMARIA,53300000.0,26650000.0,7,3.5
CAQUETA,ALBANIA,25700000.0,12850000.0,5,2.5
CAQUETA,BELEN DE LOS ANDAQUIES,23500000.0,11750000.0,9,4.5
CAQUETA,CARTAGENA DEL CHAIRA,20100000.0,10050000.0,4,2.0
CAQUETA,CURILLO,5000000.0,5000000.0,1,1.0
CAQUETA,EL DONCELLO,29187050.0,29187050.0,5,5.0
CAQUETA,EL PAUJIL,1200000.0,600000.0,2,1.0
CAQUETA,FLORENCIA,474464290.0,79077381.66666667,30,5.0
CAQUETA,MORELIA,30700000.0,30700000.0,6,6.0
CAQUETA,PUERTO RICO,100000.0,100000.0,1,1.0
CAQUETA,SAN JOSE DEL FRAGUA,7000000.0,7000000.0,1,1.0
CAQUETA,SAN VICENTE DEL CAGUAN,7700000.0,7700000.0,2,2.0
CAQUETA,SOLANO,5550000.0,5550000.0,7,7.0
CAQUETA,SOLITA,15350000.0,7675000.0,5,2.5
CAQUETA,VALPARAISO,200000.0,200000.0,1,1.0
CASANARE,AGUAZUL,74950000.0,18737500.0,15,3.75
CASANARE,CHAMEZA,2630000.0,1315000.0,3,1.5
CASANARE,HATO COROZAL,91308000.0,45654000.0,34,17.0
CASANARE,MONTERREY,31357231.0,15678615.5,5,2.5
CASANARE,NUNCHIA,62700000.0,62700000.0,8,8.0
CASANARE,PAZ DE ARIPORO (MORENO),135856100.0,33964025.0,19,4.75
CASANARE,PORE,51050000.0,12762500.0,10,2.5
CASANARE,SABANALARGA,3404800.0,3404800.0,2,2.0
CASANARE,SACAMA,23000000.0,11500000.0,6,3.0
CASANARE,SAN LUIS DE PALENQUE,94000000.0,31333333.333333332,20,6.666666666666667
CASANARE,TAMARA,76600000.0,38300000.0,6,3.0
CASANARE,YOPAL,335287523.0,37254169.222222224,57,6.333333333333333
CAUCA,ALMAGUER,26400000.0,26400000.0,3,3.0
CAUCA,BALBOA,88000000.0,44000000.0,6,3.0
CAUCA,BOLIVAR,51000000.0,51000000.0,5,5.0
CAUCA,CAJIBIO,21420000.0,10710000.0,4,2.0
CAUCA,CALDONO,31091400.0,15545700.0,4,2.0
CAUCA,CALOTO,51610000.0,51610000.0,26,26.0
CAUCA,CORINTO,20000000.0,20000000.0,1,1.0
CAUCA,EL TAMBO,22100000.0,22100000.0,8,8.0
CAUCA,GUACHENE,74570000.0,37285000.0,8,4.0
CAUCA,GUAPI,96008000.0,19201600.0,13,2.6
CAUCA,INZA,36800000.0,18400000.0,5,2.5
CAUCA,JAMBALO,42230000.0,21115000.0,9,4.5
CAUCA,LA SIERRA,18200000.0,9100000.0,2,1.0
CAUCA,LOPEZ (MICAY),81489125.0,40744562.5,11,5.5
CAUCA,MERCADERES,300000.0,300000.0,1,1.0
CAUCA,MIRANDA,172480000.0,86240000.0,6,3.0
CAUCA,MORALES,30000000.0,30000000.0,3,3.0
CAUCA,PADILLA,56800000.0,18933333.333333332,9,3.0
CAUCA,PATIA (EL BORDO),74000000.0,37000000.0,5,2.5
CAUCA,PIAMONTE,33900000.0,16950000.0,3,1.5
CAUCA,POPAYAN,56783560.0,18927853.333333332,26,8.666666666666666
CAUCA,PUERTO TEJADA,61550000.0,12310000.0,14,2.8
CAUCA,PURACE (COCONUCO),24600000.0,24600000.0,5,5.0
CAUCA,SANTA ROSA,11000000.0,5500000.0,2,1.0
CAUCA,SANTANDER DE QUILICHAO,76900000.0,38450000.0,12,6.0
CAUCA,SILVIA,194573400.0,48643350.0,30,7.5
CAUCA,SOTARA (PAISPAMBA),70000000.0,35000000.0,4,2.0
CAUCA,TIMBIO,9000000.0,9000000.0,1,1.0
CAUCA,TIMBIQUI,17200000.0,8600000.0,2,1.0
CAUCA,TORIBIO,5000000.0,5000000.0,1,1.0
CAUCA,TOTORO,9000000.0,9000000.0,1,1.0
CAUCA,VILLA RICA,87600000.0,43800000.0,6,3.0
CESAR,AGUACHICA,481270000.0,96254000.0,25,5.0
CESAR,BECERRIL,18500000.0,18500000.0,2,2.0
CESAR,CHIRIGUANA,72000000.0,36000000.0,8,4.0
CESAR,CURUMANI,17000000.0,17000000.0,2,2.0
CESAR,EL COPEY,13000000.0,13000000.0,2,2.0
CESAR,EL PASO,58600000.0,58600000.0,7,7.0
CESAR,GONZALEZ,100000.0,100000.0,1,1.0
CESAR,LA GLORIA,9000000.0,9000000.0,1,1.0
CESAR,LA JAGUA DE IBIRICO,76200000.0,25400000.0,4,1.3333333333333333
CESAR,PUEBLO BELLO,3000000.0,3000000.0,1,1.0
CESAR,RIO DE ORO,21350000.0,7116666.666666667,13,4.333333333333333
CESAR,SAN ALBERTO,26300000.0,26300000.0,6,6.0
CESAR,SAN DIEGO,26000000.0,13000000.0,4,2.0
CESAR,SAN MARTIN,12328000.0,4109333.3333333335,3,1.0
CESAR,TAMALAMEQUE,22950000.0,11475000.0,5,2.5
CESAR,VALLEDUPAR,1525637221.0,217948174.42857143,42,6.0
CHOCO,ACANDI,54900000.0,27450000.0,11,5.5
CHOCO,ALTO BAUDO (PIE DE PATO),25500000.0,25500000.0,3,3.0
CHOCO,ATRATO (YUTO),19060000.0,19060000.0,3,3.0
CHOCO,BAGADO,23000000.0,11500000.0,3,1.5
CHOCO,BAHIA SOLANO (MUTIS),48000000.0,24000000.0,11,5.5
CHOCO,BOJAYA (BELLAVISTA),113025000.0,37675000.0,10,3.3333333333333335
CHOCO,CARMEN DEL DARIEN,75100000.0,25033333.333333332,8,2.6666666666666665
CHOCO,CERTEGUI,30000000.0,30000000.0,4,4.0
CHOCO,CONDOTO,66830000.0,33415000.0,12,6.0
CHOCO,EL CANTON DEL SAN PABLO (MAN.,15250000.0,15250000.0,1,1.0
CHOCO,EL CARMEN,9000000.0,4500000.0,4,2.0
CHOCO,EL LITORAL DEL SAN JUAN,64500000.0,32250000.0,9,4.5
CHOCO,JURADO,135900000.0,67950000.0,29,14.5
CHOCO,LLORO,25850000.0,12925000.0,4,2.0
CHOCO,MEDIO ATRATO (BETE),61200000.0,61200000.0,8,8.0
CHOCO,MEDIO SAN JUAN,83685747.0,41842873.5,11,5.5
CHOCO,NOVITA,2400000.0,2400000.0,1,1.0
CHOCO,NUQUI,9000000.0,9000000.0,1,1.0
CHOCO,QUIBDO,55798000.0,27899000.0,4,2.0
CHOCO,RIO IRO,2000000.0,2000000.0,1,1.0
CHOCO,RIO QUITO (PAIMADO),31000000.0,31000000.0,6,6.0
CHOCO,RIOSUCIO,64158800.0,21386266.666666668,11,3.6666666666666665
CHOCO,SIPI,10500000.0,10500000.0,2,2.0
CHOCO,TADO,9000000.0,9000000.0,1,1.0
CHOCO,UNGUIA,10000000.0,10000000.0,3,3.0
CHOCO,UNION PANAMERICANA (LAS ANIMAS),23250000.0,11625000.0,3,1.5
CORDOBA,AYAPEL,20100000.0,10050000.0,3,1.5
CORDOBA,CANALETE,36000000.0,36000000.0,4,4.0
CORDOBA,CERETE,463000000.0,154333333.33333334,13,4.333333333333333
CORDOBA,CHIMA,18000000.0,18000000.0,2,2.0
CORDOBA,CHINU,10000000.0,5000000.0,2,1.0
CORDOBA,CIENAGA DE ORO,57000000.0,57000000.0,4,4.0
CORDOBA,COTORRA (BONGO),20000000.0,10000000.0,3,1.5
CORDOBA,LA APARTADA (FRONTERA),16000000.0,16000000.0,2,2.0
CORDOBA,LORICA,20000000.0,20000000.0,1,1.0
CORDOBA,LOS CORDOBAS,5000000.0,5000000.0,1,1.0
CORDOBA,MONTELIBANO,100000.0,100000.0,1,1.0
CORDOBA,MONTERIA,1012763695.1700001,202552739.034,33,6.6
CORDOBA,MOÑITOS,23500000.0,23500000.0,3,3.0
CORDOBA,PLANETA RICA,70900000.0,35450000.0,10,5.0
CORDOBA,PUERTO ESCONDIDO,82820000.0,27606666.666666668,5,1.6666666666666667
CORDOBA,SAHAGUN,45000000.0,45000000.0,1,1.0
CORDOBA,SAN ANDRES DE SOTAVENTO,175000000.0,87500000.0,9,4.5
CORDOBA,SAN ANTERO,8600000.0,8600000.0,1,1.0
CORDOBA,SAN BERNARDO DEL VIENTO,100900000.0,50450000.0,11,5.5
CORDOBA,SAN CARLOS,56000000.0,28000000.0,4,2.0
CORDOBA,SAN JOSE DE URE,11000000.0,5500000.0,5,2.5
CORDOBA,SAN PELAYO,6000000.0,6000000.0,6,6.0
CORDOBA,TIERRALTA,57318300.0,57318300.0,4,4.0
CORDOBA,VALENCIA,70809000.0,23603000.0,5,1.6666666666666667
CUNDINAMARCA,AGUA DE DIOS,40000000.0,20000000.0,3,1.5
CUNDINAMARCA,ALBAN,29500000.0,14750000.0,5,2.5
CUNDINAMARCA,ANAPOIMA,10180000.0,10180000.0,63,63.0
CUNDINAMARCA,ANOLAIMA,20359000.0,10179500.0,6,3.0
CUNDINAMARCA,APULO,6800000.0,6800000.0,4,4.0
CUNDINAMARCA,ARBELAEZ,7900000.0,3950000.0,5,2.5
CUNDINAMARCA,BOJACA,21375000.0,21375000.0,19,19.0
CUNDINAMARCA,CAJICA,259007588.0,43167931.333333336,47,7.833333333333333
CUNDINAMARCA,CAPARRAPI,22100000.0,7366666.666666667,7,2.3333333333333335
CUNDINAMARCA,CAQUEZA,8200000.0,4100000.0,3,1.5
CUNDINAMARCA,CHAGUANI,44256300.0,22128150.0,14,7.0
CUNDINAMARCA,CHIA,120850000.0,30212500.0,7,1.75
CUNDINAMARCA,CHIPAQUE,22800000.0,22800000.0,4,4.0
CUNDINAMARCA,CHOACHI,9300000.0,9300000.0,5,5.0
CUNDINAMARCA,CHOCONTA,6000000.0,6000000.0,2,2.0
CUNDINAMARCA,COTA,21400000.0,10700000.0,5,2.5
CUNDINAMARCA,CUCUNUBA,6000000.0,3000000.0,3,1.5
CUNDINAMARCA,EL COLEGIO,21950000.0,7316666.666666667,20,6.666666666666667
CUNDINAMARCA,EL PEÑON,6000000.0,6000000.0,2,2.0
CUNDINAMARCA,EL ROSAL,8358000.0,4179000.0,5,2.5
CUNDINAMARCA,FACATATIVA,511081368.0,102216273.6,38,7.6
CUNDINAMARCA,FOMEQUE,1850000.0,1850000.0,1,1.0
CUNDINAMARCA,FOSCA,3000000.0,3000000.0,1,1.0
CUNDINAMARCA,FUNZA,83550000.0,83550000.0,12,12.0
CUNDINAMARCA,FUQUENE,2482524.0,1241262.0,5,2.5
CUNDINAMARCA,FUSAGASUGA,133410031.44,33352507.86,38,9.5
CUNDINAMARCA,GACHALA,84000000.0,84000000.0,5,5.0
CUNDINAMARCA,GACHANCIPA,90000000.0,45000000.0,7,3.5
CUNDINAMARCA,GAMA,9000000.0,9000000.0,1,1.0
CUNDINAMARCA,GIRARDOT,384123314.0,54874759.14285714,37,5.285714285714286
CUNDINAMARCA,GRANADA,13194800.0,6597400.0,7,3.5
CUNDINAMARCA,GUADUAS,10000000.0,10000000.0,1,1.0
CUNDINAMARCA,GUASCA,11600000.0,3866666.6666666665,4,1.3333333333333333
CUNDINAMARCA,GUATAVITA,14300000.0,7150000.0,8,4.0
CUNDINAMARCA,GUAYABAL DE SIQUIMA,4500000.0,4500000.0,2,2.0
CUNDINAMARCA,GUAYABETAL,2000000.0,2000000.0,1,1.0
CUNDINAMARCA,JUNIN,18000000.0,18000000.0,2,2.0
CUNDINAMARCA,LA CALERA,4000000.0,4000000.0,2,2.0
CUNDINAMARCA,LA MESA,18196000.0,18196000.0,7,7.0
CUNDINAMARCA,LA PALMA,400000.0,400000.0,1,1.0
CUNDINAMARCA,LA PEÑA,8000000.0,8000000.0,1,1.0
CUNDINAMARCA,LA VEGA,119298000.0,39766000.0,8,2.6666666666666665
CUNDINAMARCA,MACHETA,3000000.0,3000000.0,1,1.0
CUNDINAMARCA,MADRID,369102720.0,92275680.0,41,10.25
CUNDINAMARCA,MANTA,3230000.0,3230000.0,1,1.0
CUNDINAMARCA,MEDINA,42900000.0,8580000.0,17,3.4
CUNDINAMARCA,MOSQUERA,12700000.0,6350000.0,3,1.5
CUNDINAMARCA,NEMOCON,13450000.0,13450000.0,3,3.0
CUNDINAMARCA,NILO,35000000.0,35000000.0,5,5.0
CUNDINAMARCA,NIMAIMA,18000000.0,18000000.0,2,2.0
CUNDINAMARCA,NOCAIMA,9500000.0,9500000.0,3,3.0
CUNDINAMARCA,PACHO,53800000.0,26900000.0,14,7.0
CUNDINAMARCA,PANDI,10300000.0,10300000.0,3,3.0
CUNDINAMARCA,PARATEBUENO (LA NAGUAYA),9000000.0,9000000.0,3,3.0
CUNDINAMARCA,PASCA,19000000.0,19000000.0,2,2.0
CUNDINAMARCA,PUERTO SALGAR,33600000.0,11200000.0,10,3.3333333333333335
CUNDINAMARCA,QUETAME,2500000.0,2500000.0,1,1.0
CUNDINAMARCA,RICAURTE,18000000.0,18000000.0,2,2.0
CUNDINAMARCA,SAN BERNARDO,46000000.0,46000000.0,16,16.0
CUNDINAMARCA,SAN FRANCISCO,9670000.0,4835000.0,4,2.0
CUNDINAMARCA,SASAIMA,11620000.0,11620000.0,3,3.0
CUNDINAMARCA,SIBATE,9000000.0,9000000.0,1,1.0
CUNDINAMARCA,SILVANIA,25000000.0,25000000.0,1,1.0
CUNDINAMARCA,SIMIJACA,14382524.0,7191262.0,7,3.5
CUNDINAMARCA,SOACHA,194470000.0,64823333.333333336,12,4.0
CUNDINAMARCA,SOPO,55300000.0,13825000.0,15,3.75
CUNDINAMARCA,SUBACHOQUE,10400000.0,10400000.0,2,2.0
CUNDINAMARCA,SUPATA,800000.0,800000.0,1,1.0
CUNDINAMARCA,TABIO,49828505.0,16609501.666666666,12,4.0
CUNDINAMARCA,TAUSA,12470968.0,6235484.0,5,2.5
CUNDINAMARCA,TENJO,91221670.0,22805417.5,17,4.25
CUNDINAMARCA,TIBACUY,4775000.0,1591666.6666666667,4,1.3333333333333333
CUNDINAMARCA,TOCANCIPA,55700000.0,27850000.0,8,4.0
CUNDINAMARCA,UBALA,9000000.0,9000000.0,1,1.0
CUNDINAMARCA,UBAQUE,24900000.0,12450000.0,11,5.5
CUNDINAMARCA,UBATE,4000000.0,4000000.0,1,1.0
CUNDINAMARCA,UNE,5020000.0,5020000.0,2,2.0
CUNDINAMARCA,UTICA,69450000.0,69450000.0,11,11.0
CUNDINAMARCA,VENECIA,100000.0,100000.0,1,1.0
CUNDINAMARCA,VERGARA,43483000.0,21741500.0,8,4.0
CUNDINAMARCA,VILLAGOMEZ,4800000.0,4800000.0,2,2.0
CUNDINAMARCA,VILLAPINZON,12000000.0,12000000.0,3,3.0
CUNDINAMARCA,VILLETA,67687132.0,33843566.0,9,4.5
CUNDINAMARCA,VIOTA,12000000.0,4000000.0,3,1.0
CUNDINAMARCA,YACOPI,19916100.0,6638700.0,4,1.3333333333333333
CUNDINAMARCA,ZIPAQUIRA,529284000.0,176428000.0,85,28.333333333333332
GUAVIARE,EL RETORNO,27000000.0,27000000.0,3,3.0
GUAVIARE,MIRAFLORES,25200000.0,12600000.0,4,2.0
HUILA,ACEVEDO,9000000.0,4500000.0,2,1.0
HUILA,CAMPOALEGRE,4000000.0,4000000.0,1,1.0
HUILA,COLOMBIA,5100000.0,2550000.0,2,1.0
HUILA,GIGANTE,78300000.0,39150000.0,4,2.0
HUILA,ISNOS,16100000.0,8050000.0,6,3.0
HUILA,LA PLATA,19560000.0,6520000.0,3,1.0
HUILA,NATAGA,1400000.0,1400000.0,3,3.0
HUILA,NEIVA,851823093.0,283941031.0,104,34.666666666666664
HUILA,PITAL,58500000.0,19500000.0,9,3.0
HUILA,RIVERA,78094395.0,78094395.0,2,2.0
HUILA,SANTA MARIA,2000000.0,2000000.0,1,1.0
HUILA,TELLO,4442804.0,4442804.0,1,1.0
LA GUAJIRA,ALBANIA,42000000.0,42000000.0,7,7.0
LA GUAJIRA,BARRANCAS,16000000.0,16000000.0,3,3.0
LA GUAJIRA,DIBULLA,9938072.0,9938072.0,1,1.0
LA GUAJIRA,DISTRACCION,9000000.0,9000000.0,1,1.0
LA GUAJIRA,EL MOLINO,52000000.0,52000000.0,13,13.0
LA GUAJIRA,FONSECA,38800000.0,9700000.0,7,1.75
LA GUAJIRA,MAICAO,411432590.0,102858147.5,49,12.25
LA GUAJIRA,MANAURE,150120000.0,75060000.0,12,6.0
LA GUAJIRA,RIOHACHA,917443230.0,229360807.5,25,6.25
LA GUAJIRA,SAN JUAN DEL CESAR,145000000.0,72500000.0,7,3.5
LA GUAJIRA,URIBIA,3000000.0,3000000.0,1,1.0
LA GUAJIRA,VILLANUEVA,67000000.0,33500000.0,7,3.5
MAGDALENA,ARACATACA,14320000.0,14320000.0,4,4.0
MAGDALENA,CERRO DE SAN ANTONIO,17000000.0,17000000.0,3,3.0
MAGDALENA,CHIVOLO,41250000.0,20625000.0,8,4.0
MAGDALENA,CIENAGA,363940000.0,121313333.33333333,21,7.0
MAGDALENA,CONCORDIA,9100000.0,4550000.0,3,1.5
MAGDALENA,EL BANCO,43058000.0,43058000.0,6,6.0
MAGDALENA,EL PIÑON,16000000.0,16000000.0,2,2.0
MAGDALENA,FUNDACION,70810000.0,35405000.0,10,5.0
MAGDALENA,GUAMAL,16200000.0,16200000.0,3,3.0
MAGDALENA,PLATO,49000000.0,49000000.0,5,5.0
MAGDALENA,REMOLINO,8000000.0,4000000.0,2,1.0
MAGDALENA,SALAMINA,200000.0,200000.0,1,1.0
MAGDALENA,SAN SEBASTIAN DE BUENAVISTA,9000000.0,9000000.0,1,1.0
MAGDALENA,SAN ZENON,50484000.0,25242000.0,6,3.0
MAGDALENA,SANTA MARTA,7853713205.0,1963428301.25,71,17.75
META,ACACIAS,133650000.0,33412500.0,34,8.5
META,CABUYARO,3206200.0,3206200.0,1,1.0
META,CASTILLA LA NUEVA,49000000.0,24500000.0,24,12.0
META,CUBARRAL,12950000.0,6475000.0,5,2.5
META,CUMARAL,165502200.0,55167400.0,8,2.6666666666666665
META,EL DORADO,9790000.0,4895000.0,17,8.5
META,FUENTE DE ORO,5000000.0,5000000.0,1,1.0
META,GRANADA,87347496.0,29115832.0,30,10.0
META,GUAMAL,26500000.0,26500000.0,4,4.0
META,LEJANIAS,60350000.0,30175000.0,13,6.5
META,MESETAS,30900000.0,15450000.0,5,2.5
META,PUERTO CONCORDIA,31700000.0,10566666.666666666,3,1.0
META,PUERTO GAITAN,83144336.0,41572168.0,15,7.5
META,PUERTO LLERAS,12000000.0,12000000.0,2,2.0
META,PUERTO RICO,130000000.0,65000000.0,47,23.5
META,SAN JUAN DE ARAMA,10000000.0,10000000.0,1,1.0
META,URIBE,24827960.0,24827960.0,12,12.0
META,VILLAVICENCIO,1592759466.0,318551893.2,91,18.2
META,VISTA HERMOSA,6650000.0,6650000.0,4,4.0
NARIÑO,BARBACOAS,60000000.0,30000000.0,5,2.5
NARIÑO,BELEN,6000000.0,3000000.0,6,3.0
NARIÑO,CHACHAGUI,2000000.0,2000000.0,1,1.0
NARIÑO,COLON (GENOVA),4270000.0,4270000.0,2,2.0
NARIÑO,CORDOBA,15350000.0,7675000.0,7,3.5
NARIÑO,CUMBAL,15000000.0,15000000.0,2,2.0
NARIÑO,CUMBITARA,30128000.0,30128000.0,8,8.0
NARIÑO,EL CHARCO,24000000.0,8000000.0,4,1.3333333333333333
NARIÑO,EL PEÑOL,32000000.0,32000000.0,1,1.0
NARIÑO,GUACHUCAL,11600000.0,11600000.0,3,3.0
NARIÑO,ILES,169600.0,169600.0,1,1.0
NARIÑO,IMUES,40000000.0,40000000.0,6,6.0
NARIÑO,IPIALES,196377360.0,98188680.0,14,7.0
NARIÑO,LA CRUZ,9000000.0,9000000.0,1,1.0
NARIÑO,LA TOLA,100000.0,100000.0,1,1.0
NARIÑO,LEIVA,6000000.0,6000000.0,1,1.0
NARIÑO,LOS ANDES (SOTOMAYOR),3000000.0,3000000.0,1,1.0
NARIÑO,MAGUI (PAYAN),109691500.0,27422875.0,20,5.0
NARIÑO,MALLAMA (PIEDRANCHA),12000000.0,12000000.0,1,1.0
NARIÑO,MOSQUERA,122100000.0,61050000.0,14,7.0
NARIÑO,OLAYA HERRERA,58738000.0,19579333.333333332,13,4.333333333333333
NARIÑO,PASTO,239029925.0,59757481.25,17,4.25
NARIÑO,POLICARPA,23000000.0,23000000.0,4,4.0
NARIÑO,POTOSI,3260000.0,1630000.0,3,1.5
NARIÑO,RICAURTE,84411700.0,28137233.333333332,28,9.333333333333334
NARIÑO,ROBERTO PAYAN (SAN JOSE),103641000.0,51820500.0,9,4.5
NARIÑO,SAMANIEGO,1280000.0,1280000.0,1,1.0
NARIÑO,SAN LORENZO,27400000.0,13700000.0,6,3.0
NARIÑO,SAN PABLO,18100000.0,18100000.0,6,6.0
NARIÑO,SAN PEDRO DE CARTAGO,500000.0,500000.0,1,1.0
NARIÑO,SANTA BARBARA (ISCUANDE),100000.0,100000.0,1,1.0
NARIÑO,SAPUYES,33000000.0,16500000.0,6,3.0
NARIÑO,TAMINANGO,8000000.0,8000000.0,3,3.0
NARIÑO,TANGUA,4900000.0,2450000.0,2,1.0
NARIÑO,TUMACO,284000000.0,71000000.0,18,4.5
NARIÑO,TUQUERRES,70680000.0,23560000.0,22,7.333333333333333
NARIÑO,YACUANQUER,6000000.0,6000000.0,1,1.0
NORTE DE SANTANDER,ABREGO,16000000.0,16000000.0,3,3.0
NORTE DE SANTANDER,CACHIRA,100000.0,100000.0,1,1.0
NORTE DE SANTANDER,CACOTA,1770000.0,1770000.0,1,1.0
NORTE DE SANTANDER,CHINACOTA,30934300.0,10311433.333333334,9,3.0
NORTE DE SANTANDER,CHITAGA,6000000.0,6000000.0,1,1.0
NORTE DE SANTANDER,CONVENCION,19100000.0,19100000.0,3,3.0
NORTE DE SANTANDER,CUCUTA,1669687544.0,333937508.8,97,19.4
NORTE DE SANTANDER,CUCUTILLA,20000000.0,20000000.0,2,2.0
NORTE DE SANTANDER,DURANIA,5000000.0,5000000.0,1,1.0
NORTE DE SANTANDER,EL CARMEN,40000000.0,40000000.0,8,8.0
NORTE DE SANTANDER,EL ZULIA,23410000.0,11705000.0,6,3.0
NORTE DE SANTANDER,HACARI,42000000.0,42000000.0,3,3.0
NORTE DE SANTANDER,LA ESPERANZA,18200000.0,9100000.0,4,2.0
NORTE DE SANTANDER,LA PLAYA,50000.0,50000.0,1,1.0
NORTE DE SANTANDER,LABATECA,46233500.0,23116750.0,7,3.5
NORTE DE SANTANDER,LOS PATIOS,151726500.0,50575500.0,9,3.0
NORTE DE SANTANDER,OCAÑA,103695000.0,25923750.0,9,2.25
NORTE DE SANTANDER,PAMPLONA,50400000.0,25200000.0,7,3.5
NORTE DE SANTANDER,PUERTO SANTANDER,27050000.0,27050000.0,4,4.0
NORTE DE SANTANDER,RAGONVALIA,2428000.0,2428000.0,1,1.0
NORTE DE SANTANDER,SAN CALIXTO,10600000.0,5300000.0,4,2.0
NORTE DE SANTANDER,SARDINATA,3000000.0,3000000.0,1,1.0
NORTE DE SANTANDER,TEORAMA,44000000.0,44000000.0,3,3.0
NORTE DE SANTANDER,TIBU,25600000.0,8533333.333333334,9,3.0
NORTE DE SANTANDER,TOLEDO,4000000.0,4000000.0,1,1.0
NORTE DE SANTANDER,VILLA CARO,1500000.0,1500000.0,2,2.0
NORTE DE SANTANDER,VILLA DEL ROSARIO,176848750.0,88424375.0,4,2.0
PUTUMAYO,MOCOA,72130000.0,36065000.0,7,3.5
PUTUMAYO,ORITO,38500000.0,12833333.333333334,6,2.0
PUTUMAYO,PUERTO ASIS,98150000.0,32716666.666666668,11,3.6666666666666665
PUTUMAYO,PUERTO CAICEDO,36800000.0,18400000.0,5,2.5
PUTUMAYO,PUERTO GUZMAN,29750900.0,14875450.0,6,3.0
PUTUMAYO,PUERTO LEGUIZAMO,49100000.0,12275000.0,11,2.75
PUTUMAYO,SIBUNDOY,30000000.0,30000000.0,4,4.0
PUTUMAYO,VILLAGARZON,59900000.0,19966666.666666668,7,2.3333333333333335
QUINDIO,CALARCA,45922598.0,15307532.666666666,17,5.666666666666667
QUINDIO,CIRCASIA,5000000.0,5000000.0,1,1.0
QUINDIO,CORDOBA,8000000.0,8000000.0,1,1.0
QUINDIO,FILANDIA,10000000.0,10000000.0,6,6.0
QUINDIO,LA TEBAIDA,19000000.0,9500000.0,3,1.5
QUINDIO,MONTENEGRO,5000000.0,5000000.0,1,1.0
QUINDIO,PIJAO,200000.0,200000.0,1,1.0
QUINDIO,QUIMBAYA,47000000.0,23500000.0,7,3.5
RISARALDA,APIA,11000000.0,5500000.0,2,1.0
RISARALDA,BALBOA,30000000.0,30000000.0,5,5.0
RISARALDA,DOSQUEBRADAS,327745000.0,109248333.33333333,49,16.333333333333332
RISARALDA,GUATICA,4000000.0,2000000.0,2,1.0
RISARALDA,LA CELIA,2000000.0,2000000.0,1,1.0
RISARALDA,LA VIRGINIA,40000000.0,13333333.333333334,5,1.6666666666666667
RISARALDA,MARSELLA,15606100.0,5202033.333333333,5,1.6666666666666667
RISARALDA,MISTRATO,14290400.0,14290400.0,2,2.0
RISARALDA,PEREIRA,216879178.0,72293059.33333333,33,11.0
RISARALDA,QUINCHIA,7000000.0,7000000.0,1,1.0
RISARALDA,SANTA ROSA DE CABAL,40000000.0,20000000.0,6,3.0
RISARALDA,SANTUARIO,18600000.0,18600000.0,6,6.0
SAN ANDRES,PROVIDENCIA,111400000.0,55700000.0,11,5.5
SANTANDER,BARBOSA,10000000.0,10000000.0,1,1.0
SANTANDER,BARICHARA,6900000.0,6900000.0,6,6.0
SANTANDER,BARRANCABERMEJA,508192338.0,101638467.6,41,8.2
SANTANDER,BOLIVAR,5000000.0,5000000.0,1,1.0
SANTANDER,BUCARAMANGA,1299608269.0,324902067.25,50,12.5
SANTANDER,CABRERA,33000000.0,33000000.0,5,5.0
SANTANDER,CAPITANEJO,8000000.0,8000000.0,1,1.0
SANTANDER,CARCASI,300000.0,150000.0,2,1.0
SANTANDER,CHARTA,4335000.0,4335000.0,2,2.0
SANTANDER,CHIMA,10000000.0,10000000.0,1,1.0
SANTANDER,CIMITARRA,55000000.0,55000000.0,9,9.0
SANTANDER,CONCEPCION,82200000.0,82200000.0,9,9.0
SANTANDER,EL CARMEN,18000000.0,18000000.0,2,2.0
SANTANDER,EL GUACAMAYO,19000000.0,19000000.0,3,3.0
SANTANDER,EL PEÑON,200000.0,200000.0,1,1.0
SANTANDER,EL PLAYON,51500000.0,25750000.0,9,4.5
SANTANDER,FLORIAN,29500000.0,14750000.0,7,3.5
SANTANDER,FLORIDABLANCA,477880000.0,159293333.33333334,15,5.0
SANTANDER,GALAN,5000000.0,5000000.0,1,1.0
SANTANDER,GAMBITA,4000000.0,4000000.0,1,1.0
SANTANDER,GIRON,1100000.0,1100000.0,2,2.0
SANTANDER,GUACA,100000.0,100000.0,1,1.0
SANTANDER,LA PAZ,2000000.0,2000000.0,1,1.0
SANTANDER,LANDAZURI,32000000.0,16000000.0,5,2.5
SANTANDER,LEBRIJA,20930000.0,20930000.0,3,3.0
SANTANDER,MOLAGAVITA,15000000.0,15000000.0,3,3.0
SANTANDER,OIBA,19040000.0,9520000.0,14,7.0
SANTANDER,PALMAR,2000000.0,2000000.0,1,1.0
SANTANDER,PUENTE NACIONAL,3500000.0,3500000.0,2,2.0
SANTANDER,PUERTO PARRA,9000000.0,9000000.0,1,1.0
SANTANDER,RIONEGRO,2250000.0,2250000.0,1,1.0
SANTANDER,SABANA DE TORRES,20000000.0,10000000.0,3,1.5
SANTANDER,SAN ANDRES,100000.0,100000.0,1,1.0
SANTANDER,SAN GIL,47538650.0,9507730.0,15,3.0
SANTANDER,SAN JOAQUIN,100000.0,100000.0,1,1.0
SANTANDER,SAN JOSE DE MIRANDA,100000.0,100000.0,1,1.0
SANTANDER,SAN VICENTE DE CHUCURI,22000000.0,22000000.0,3,3.0
SANTANDER,SANTA BARBARA,17100000.0,8550000.0,5,2.5
SANTANDER,SANTA HELENA DEL OPON,28200000.0,28200000.0,5,5.0
SANTANDER,SIMACOTA,20000000.0,20000000.0,4,4.0
SANTANDER,VALLE DE SAN JOSE,60000000.0,60000000.0,3,3.0
SANTANDER,ZAPATOCA,200000.0,200000.0,1,1.0
SUCRE,CAIMITO,600000.0,600000.0,1,1.0
SUCRE,CHALAN,8800000.0,8800000.0,4,4.0
SUCRE,COROZAL,14190000.0,7095000.0,2,1.0
SUCRE,COVEÑAS,52700000.0,17566666.666666668,11,3.6666666666666665
SUCRE,EL ROBLE,24467519.0,24467519.0,2,2.0
SUCRE,GALERAS (NUEVA GRANADA),380000.0,380000.0,1,1.0
SUCRE,GUARANDA,12550000.0,12550000.0,4,4.0
SUCRE,MAJAGUAL,16200000.0,8100000.0,5,2.5
SUCRE,MORROA,7000000.0,7000000.0,2,2.0
SUCRE,PALMITO,100000.0,100000.0,1,1.0
SUCRE,SAN MARCOS,39700000.0,9925000.0,7,1.75
SUCRE,SAN ONOFRE,100000.0,100000.0,1,1.0
SUCRE,SAN PEDRO,1100000.0,550000.0,2,1.0
SUCRE,SINCE,7861973.0,3930986.5,2,1.0
SUCRE,SINCELEJO,450443100.0,112610775.0,24,6.0
SUCRE,TOLUVIEJO,22500000.0,22500000.0,3,3.0
TOLIMA,AMBALEMA,100000.0,100000.0,1,1.0
TOLIMA,ANZOATEGUI,8000000.0,8000000.0,1,1.0
TOLIMA,ARMERO (GUAYABAL),3000000.0,3000000.0,1,1.0
TOLIMA,ATACO,200000.0,200000.0,1,1.0
TOLIMA,CAJAMARCA,9000000.0,9000000.0,1,1.0
TOLIMA,CARMEN DE APICALA,3000000.0,3000000.0,2,2.0
TOLIMA,CASABIANCA,32150000.0,32150000.0,9,9.0
TOLIMA,CHAPARRAL,102000000.0,51000000.0,7,3.5
TOLIMA,COYAIMA,18800000.0,18800000.0,2,2.0
TOLIMA,CUNDAY,300000.0,300000.0,1,1.0
TOLIMA,ESPINAL,35099700.0,17549850.0,4,2.0
TOLIMA,FALAN,4000000.0,4000000.0,2,2.0
TOLIMA,FLANDES,38500000.0,38500000.0,5,5.0
TOLIMA,FRESNO,48500000.0,24250000.0,7,3.5
TOLIMA,GUAMO,10000000.0,10000000.0,1,1.0
TOLIMA,HERVEO,10800000.0,5400000.0,2,1.0
TOLIMA,IBAGUE,657142222.0,131428444.4,29,5.8
TOLIMA,ICONONZO,25083500.0,6270875.0,11,2.75
TOLIMA,LIBANO,36000000.0,12000000.0,8,2.6666666666666665
TOLIMA,MARIQUITA,29073000.0,14536500.0,5,2.5
TOLIMA,MELGAR,74500000.0,24833333.333333332,10,3.3333333333333335
TOLIMA,MURILLO,5000000.0,2500000.0,2,1.0
TOLIMA,ORTEGA,10000000.0,10000000.0,1,1.0
TOLIMA,PALOCABILDO,5000000.0,5000000.0,1,1.0
TOLIMA,PIEDRAS,9600000.0,4800000.0,3,1.5
TOLIMA,PRADO,9400000.0,9400000.0,1,1.0
TOLIMA,PURIFICACION,1260000.0,1260000.0,1,1.0
TOLIMA,RONCESVALLES,5400000.0,2700000.0,5,2.5
TOLIMA,ROVIRA,5200000.0,5200000.0,1,1.0
TOLIMA,SALDAÑA,53895600.0,13473900.0,9,2.25
TOLIMA,SAN ANTONIO,23000000.0,23000000.0,5,5.0
TOLIMA,SAN LUIS,157200.0,78600.0,2,1.0
TOLIMA,SANTA ISABEL,17450000.0,8725000.0,7,3.5
TOLIMA,SUAREZ,13500000.0,6750000.0,3,1.5
TOLIMA,VALLE DE SAN JUAN,100000.0,100000.0,1,1.0
TOLIMA,VILLAHERMOSA,56200000.0,56200000.0,13,13.0
VALLE,ANSERMANUEVO,9000000.0,9000000.0,1,1.0
VALLE,BOLIVAR,5500000.0,5500000.0,2,2.0
VALLE,BUENAVENTURA,536326343.0,67040792.875,33,4.125
VALLE,BUGA,91957550.0,30652516.666666668,7,2.3333333333333335
VALLE,BUGALAGRANDE,93220459.0,23305114.75,8,2.0
VALLE,CAICEDONIA,57100000.0,28550000.0,4,2.0
VALLE,CALI,1965636536.0,327606089.3333333,94,15.666666666666666
VALLE,CALIMA (DARIEN),4207000.0,1402333.3333333333,4,1.3333333333333333
VALLE,CANDELARIA,108892900.0,36297633.333333336,20,6.666666666666667
VALLE,CARTAGO,173944400.0,43486100.0,11,2.75
VALLE,DAGUA,194452852.0,64817617.333333336,55,18.333333333333332
VALLE,EL CAIRO,20000000.0,20000000.0,2,2.0
VALLE,EL CERRITO,15950000.0,7975000.0,3,1.5
VALLE,EL DOVIO,15800000.0,15800000.0,4,4.0
VALLE,FLORIDA,75900000.0,25300000.0,13,4.333333333333333
VALLE,GINEBRA,9250860.0,9250860.0,3,3.0
VALLE,GUACARI,77700000.0,38850000.0,8,4.0
VALLE,JAMUNDI,192000000.0,38400000.0,15,3.0
VALLE,LA CUMBRE,2500000.0,2500000.0,1,1.0
VALLE,LA UNION,38000000.0,19000000.0,4,2.0
VALLE,LA VICTORIA,100000.0,100000.0,1,1.0
VALLE,PALMIRA,41000000.0,20500000.0,5,2.5
VALLE,PRADERA,35000000.0,35000000.0,2,2.0
VALLE,RIOFRIO,7000000.0,7000000.0,2,2.0
VALLE,ROLDANILLO,3000000.0,3000000.0,2,2.0
VALLE,SEVILLA,9000000.0,9000000.0,2,2.0
VALLE,TULUA,392447194.0,130815731.33333333,22,7.333333333333333
VALLE,ULLOA,37200000.0,18600000.0,2,1.0
VALLE,YOTOCO,15000000.0,15000000.0,1,1.0
VALLE,YUMBO,168977000.0,84488500.0,16,8.0
VALLE,ZARZAL,46250000.0,15416666.666666666,13,4.333333333333333
VAUPES,CARURU,350000.0,175000.0,2,1.0
VAUPES,MITU,100000.0,100000.0,1,1.0
VICHADA,CUMARIBO,25500000.0,12750000.0,4,2.0
VICHADA,LA PRIMAVERA,18000000.0,18000000.0,11,11.0
VICHADA,PUERTO CARREÑO,32700000.0,8175000.0,6,1.5
VICHADA,SANTA ROSALIA,42354000.0,42354000.0,8,8.0
